ime,developer
Counter-Strike 2,Valve
Dota 2,Valve
PUBG: BATTLEGROUNDS,n
PUBG: BATTLEGROUNDS,i
PUBG: BATTLEGROUNDS, 
PUBG: BATTLEGROUNDS,:
PUBG: BATTLEGROUNDS,/
How to Fish,Dazed Games
Bongo Cat,Irox Games
Apex Legends™,Respawn
Palworld,Pocketpair
Wallpaper Engine,Wallpaper Engine Team
TBH: Task Bar Hero,Nugem Studio
TBH: Task Bar Hero,Tesseract Studio
Rust,Facepunch Studios
FiveM,n
FiveM,i
FiveM, 
FiveM,:
FiveM,/
Delta Force,Team Jade
The Binding of Isaac: Rebirth,Nicalis
The Binding of Isaac: Rebirth,Edmund McMillen
War Thunder,Gaijin Entertainment
Grand Theft Auto V Legacy,n
Grand Theft Auto V Legacy,i
Grand Theft Auto V Legacy, 
Grand Theft Auto V Legacy,:
Grand Theft Auto V Legacy,/
Stardew Valley,ConcernedApe
Slay the Spire 2,Mega Crit
Grand Theft Auto V Enhanced,n
Grand Theft Auto V Enhanced,i
Grand Theft Auto V Enhanced, 
Grand Theft Auto V Enhanced,:
Grand Theft Auto V Enhanced,/
Team Fortress 2,Valve
Project Zomboid,The Indie Stone
EA SPORTS FC™ 26,EA Canada
EA SPORTS FC™ 26,EA Romania
Terraria,Re-Logic
Dead by Daylight,n
Dead by Daylight,i
Dead by Daylight, 
Dead by Daylight,:
Dead by Daylight,/
Warframe,n
Warframe,i
Warframe, 
Warframe,:
Warframe,/
Spacewar,n
Spacewar,i
Spacewar, 
Spacewar,:
Spacewar,/
Limbus Company,ProjectMoon
Hearts of Iron IV,Paradox Development Studio
HELLDIVERS™ 2,n
HELLDIVERS™ 2,i
HELLDIVERS™ 2, 
HELLDIVERS™ 2,:
HELLDIVERS™ 2,/
NARAKA: BLADEPOINT,24 Entertainment
Marvel Rivals,NetEase Games
Overwatch®,Blizzard Entertainment
Tom Clancy&#39;s Rainbow Six Siege,Ubisoft Montreal
Geometry Dash,RobTop Games
Football Manager 26,Sports Interactive
Shadowverse: Worlds Beyond,Cygames
VRChat,VRChat Inc.
Cyberpunk 2077,n
Cyberpunk 2077,i
Cyberpunk 2077, 
Cyberpunk 2077,:
Cyberpunk 2077,/
Don&#39;t Starve Together,Klei Entertainment
Baldur&#39;s Gate 3,n
Baldur&#39;s Gate 3,i
Baldur&#39;s Gate 3, 
Baldur&#39;s Gate 3,:
Baldur&#39;s Gate 3,/
PAYDAY 2,n
PAYDAY 2,i
PAYDAY 2, 
PAYDAY 2,:
PAYDAY 2,/
Euro Truck Simulator 2,SCS Software
Mount &amp; Blade II: Bannerlord,TaleWorlds Entertainment
Black Myth: Wukong,n
Black Myth: Wukong,i
Black Myth: Wukong, 
Black Myth: Wukong,:
Black Myth: Wukong,/
Crosshair X,CenterPoint Gaming
Sid Meier&#39;s Civilization VI,Firaxis Games
Sid Meier&#39;s Civilization VI,Aspyr (Mac)
Sid Meier&#39;s Civilization VI,Aspyr (Linux)
Escape from Tarkov,Battlestate Games
Red Dead Redemption 2,Rockstar Games
DayZ,n
DayZ,i
DayZ, 
DayZ,:
DayZ,/
Total War: WARHAMMER III,CREATIVE ASSEMBLY
Total War: WARHAMMER III,Feral Interactive
tModLoader,TML Team
Battlefield™ 6,n
Battlefield™ 6,i
Battlefield™ 6, 
Battlefield™ 6,:
Battlefield™ 6,/
RimWorld,Ludeon Studios
OBS Studio,OBS Project
PEAK,Team PEAK
Farming Simulator 25,GIANTS Software
Garry&#39;s Mod,Facepunch Studios
Street Fighter™ 6,CAPCOM Co.
7 Days to Die,The Fun Pimps
ARK: Survival Ascended,Studio Wildcard
ARK: Survival Ascended,Grove Street Games
ARK: Survival Ascended,Instinct Games
Arena Breakout: Infinite,Morefun Studios
ELDEN RING,n
ELDEN RING,i
ELDEN RING, 
ELDEN RING,:
ELDEN RING,/
Russian Fishing 4,FishSoft LLC
S.T.A.L.K.E.R. 2: Heart of Chornobyl,n
S.T.A.L.K.E.R. 2: Heart of Chornobyl,i
S.T.A.L.K.E.R. 2: Heart of Chornobyl, 
S.T.A.L.K.E.R. 2: Heart of Chornobyl,:
S.T.A.L.K.E.R. 2: Heart of Chornobyl,/
The Sims™ 4,Maxis
eFootball™,KONAMI
Crusader Kings III,Paradox Development Studio
BeamNG.drive,BeamNG
Path of Exile,Grinding Gear Games
Forza Horizon 6,Playground Games
ARK: Survival Evolved,Studio Wildcard
ARK: Survival Evolved,Instinct Games
ARK: Survival Evolved,Efecto Studios
ARK: Survival Evolved,Virtual Basement LLC
NBA 2K26,Visual Concepts
The Elder Scrolls V: Skyrim Special Edition,n
The Elder Scrolls V: Skyrim Special Edition,i
The Elder Scrolls V: Skyrim Special Edition, 
The Elder Scrolls V: Skyrim Special Edition,:
The Elder Scrolls V: Skyrim Special Edition,/
The Isle,Afterthought LLC
Call of Duty®,n
Call of Duty®,i
Call of Duty®, 
Call of Duty®,:
Call of Duty®,/
The Witcher 3: Wild Hunt,n
The Witcher 3: Wild Hunt,i
The Witcher 3: Wild Hunt, 
The Witcher 3: Wild Hunt,:
The Witcher 3: Wild Hunt,/
Once Human,Starry Studio
Eternal Return,n
Eternal Return,i
Eternal Return, 
Eternal Return,:
Eternal Return,/
ELDEN RING NIGHTREIGN,FromSoftware
Unturned,Smartly Dressed Games
Mortal Shell II,n
Mortal Shell II,i
Mortal Shell II, 
Mortal Shell II,:
Mortal Shell II,/
Crimson Desert,n
Crimson Desert,i
Crimson Desert, 
Crimson Desert,:
Crimson Desert,/
Football Manager 2024,Sports Interactive
Yu-Gi-Oh! Master Duel,KONAMI
Left 4 Dead 2,Valve
IdleOn - The Idle RPG,Lavaflame2
Kingdom Come: Deliverance II,n
Kingdom Come: Deliverance II,i
Kingdom Come: Deliverance II, 
Kingdom Come: Deliverance II,:
Kingdom Come: Deliverance II,/
Blender,Blender Foundation
ARC Raiders,Embark Studios
Factorio,Wube Software LTD.
Monster Hunter: World,CAPCOM Co.
Soundpad,Leppsoft
STALCRAFT: X,EXBO
Hunt: Showdown 1896,n
Hunt: Showdown 1896,i
Hunt: Showdown 1896, 
Hunt: Showdown 1896,:
Hunt: Showdown 1896,/
Age of Empires II: Definitive Edition,World's Edge
Age of Empires II: Definitive Edition,Forgotten Empires
Age of Empires II: Definitive Edition,CaptureAge
Age of Empires II: Definitive Edition,Tantalus Media
Age of Empires II: Definitive Edition,Wicked Witch
Age of Empires II: Definitive Edition,Feral Interactive
VTube Studio,DenchiSoft
Path of Exile 2,Grinding Gear Games
MIR4,Wemade Next
FINAL FANTASY XIV Online,n
FINAL FANTASY XIV Online,i
FINAL FANTASY XIV Online, 
FINAL FANTASY XIV Online,:
FINAL FANTASY XIV Online,/
Monster Hunter Wilds,CAPCOM Co.
Where Winds Meet,Everstone Studio
Destiny 2,Bungie
Squad,Offworld
R.E.P.O.,semiwork
Hero Siege,Panic Art Studios Ltd
Wuthering Waves,KURO GAMES
Satisfactory,Coffee Stain Studios
SpiritVale,Baikun Interactive
DAVE THE DIVER,MINTROCKET
YoloMouse - Cursor Changer,Dragonrise Games
Black Desert,Pearl Abyss
雀魂麻将(MahjongSoul),n
雀魂麻将(MahjongSoul),i
雀魂麻将(MahjongSoul), 
雀魂麻将(MahjongSoul),:
雀魂麻将(MahjongSoul),/
Sid Meier&#39;s Civilization V,Firaxis Games
Sid Meier&#39;s Civilization V,Aspyr (Mac)
Sid Meier&#39;s Civilization V,Aspyr (Linux)
Forza Horizon 5,Playground Games
Valheim,Iron Gate AB
World of Warships,Wargaming Group Limited
Call of Duty®: Modern Warfare® III,n
Call of Duty®: Modern Warfare® III,i
Call of Duty®: Modern Warfare® III, 
Call of Duty®: Modern Warfare® III,:
Call of Duty®: Modern Warfare® III,/
Stellaris,Paradox Development Studio
Cities: Skylines,Colossal Order
Heartopia,XD
Rocket League,Psyonix LLC
BidKing:竞拍之王,MindSurge Network &amp; Games
Cities: Skylines II,Iceflake Studios
Cities: Skylines II,Colossal Order
Fields of Mistria,NPC Studio
Europa Universalis IV,Paradox Development Studio
Europa Universalis IV,Paradox Tinto
"Warhammer 40,000: Space Marine 2",n
"Warhammer 40,000: Space Marine 2",i
"Warhammer 40,000: Space Marine 2", 
"Warhammer 40,000: Space Marine 2",:
"Warhammer 40,000: Space Marine 2",/
Sephiria,TEAM HORAY
SCUM,Gamepires
Revolution Idle,Oni Gaming
Revolution Idle,Nu Games
Artifact Classic,Valve
Survival Log,Midnight Workshop
Oxygen Not Included,Klei Entertainment
The First Descendant,NEXON Games Co.
Persona 5 Royal,ATLUS
Brotato,Blobfish
Age of Empires IV: Anniversary Edition,World's Edge
Age of Empires IV: Anniversary Edition,Relic Entertainment
Age of Empires IV: Anniversary Edition,Forgotten Empires
Age of Empires IV: Anniversary Edition,Climax Studios
Mistfall Hunter,Bellring Games
VPet,LB Game
Fallout 4,n
Fallout 4,i
Fallout 4, 
Fallout 4,:
Fallout 4,/
Darkest Dungeon®,Red Hook Studios
Cookie Clicker,Orteil
Cookie Clicker,DashNet
Arma Reforger,n
Arma Reforger,i
Arma Reforger, 
Arma Reforger,:
Arma Reforger,/
THE FINALS,Embark Studios
Assetto Corsa,Kunos Simulazioni
Counter-Strike,Valve
Hollow Knight: Silksong,Team Cherry
MapleStory,NEXON Korea Corporation
The Elder Scrolls® Online,n
The Elder Scrolls® Online,i
The Elder Scrolls® Online, 
The Elder Scrolls® Online,:
The Elder Scrolls® Online,/
SCP: Secret Laboratory,Northwood Studios
Slay the Spire,Mega Crit
Resident Evil 4,n
Resident Evil 4,i
Resident Evil 4, 
Resident Evil 4,:
Resident Evil 4,/
Hollow Knight,Team Cherry
Magic: The Gathering Arena,Wizards of the Coast
ウマ娘 プリティーダービー,n
ウマ娘 プリティーダービー,i
ウマ娘 プリティーダービー, 
ウマ娘 プリティーダービー,:
ウマ娘 プリティーダービー,/
Brawlhalla,Blue Mammoth Games
No Man&#39;s Sky,Hello Games
Grim Dawn,Crate Entertainment
Supermarket Together,DeadDevsTellNoLies
World of Tanks,Wargaming Group Limited
Scrap Mechanic,Axolot Games
Bloons TD 6,Ninja Kiwi
It Takes Two,Hazelight Studios
Albion Online,Sandbox Interactive GmbH
Among Us,Innersloth
Raft,Redbeet Interactive
Cell to Singularity - Evolution Never Ends,Computer Lunch
Phasmophobia,Kinetic Games
Assassin&#39;s Creed Odyssey,Ubisoft Quebec
Assassin&#39;s Creed Odyssey,Ubisoft Montreal
Assassin&#39;s Creed Odyssey,Ubisoft Bucharest
Assassin&#39;s Creed Odyssey,Ubisoft Singapore
Assassin&#39;s Creed Odyssey,Ubisoft Montpellier
Assassin&#39;s Creed Odyssey,Ubisoft Kiev
Assassin&#39;s Creed Odyssey,Ubisoft Shanghai
Europa Universalis V,Paradox Tinto
Umamusume: Pretty Derby,Cygames
Dark and Darker,n
Dark and Darker,i
Dark and Darker, 
Dark and Darker,:
Dark and Darker,/
Summoners War,Com2uS
Battlefield™ 1,n
Battlefield™ 1,i
Battlefield™ 1, 
Battlefield™ 1,:
Battlefield™ 1,/
Balatro,LocalThunk
Tom Clancy&#39;s Ghost Recon® Wildlands,Ubisoft Paris
Tom Clancy&#39;s Ghost Recon® Wildlands,Ubisoft Annecy
Tom Clancy&#39;s Ghost Recon® Wildlands,Ubisoft Bucharest
Tom Clancy&#39;s Ghost Recon® Wildlands,Ubisoft Montpellier
Tom Clancy&#39;s Ghost Recon® Wildlands,Ubisoft Milan
Tom Clancy&#39;s Ghost Recon® Wildlands,Reflections
Tom Clancy&#39;s Ghost Recon® Wildlands,Ubisoft Belgrade
Aimlabs,Statespace
TEKKEN 8,Bandai Namco Studios Inc.
Sandustry,Lantto Games
Sid Meier&#39;s Civilization® VII,Firaxis Games
Lossless Scaling,THS
Escape the Backrooms,Fancy Games
Escape the Backrooms,Blackbird Interactive
Ready or Not,VOID Interactive
Granblue Fantasy: Relink,Cygames
KARDS - The WW2 Card Game,1939 Games
Palia,Singularity 6 Corporation
Grounded 2,Obsidian Entertainment
Grounded 2,Eidos-Montréal
MONSTER HUNTER RISE,CAPCOM Co.
Crosshair V2,CenterPoint Gaming
Victoria 3,Paradox Development Studio
Schedule I,TVGS
The Bazaar,Tempo
Sekiro™: Shadows Die Twice - GOTY Edition,n
Sekiro™: Shadows Die Twice - GOTY Edition,i
Sekiro™: Shadows Die Twice - GOTY Edition, 
Sekiro™: Shadows Die Twice - GOTY Edition,:
Sekiro™: Shadows Die Twice - GOTY Edition,/
Aseprite,Igara Studio
Soul&#39;s Remnant,Chaomoon
Off The Grid,Gunzilla Games
Marvel’s Spider-Man Remastered,Insomniac Games
Marvel’s Spider-Man Remastered,Nixxes Software
SAND: Raiders of Sophie,Hologryph
SAND: Raiders of Sophie,TowerHaus
Yet Another Zombie Survivors,n
Yet Another Zombie Survivors,i
Yet Another Zombie Survivors, 
Yet Another Zombie Survivors,:
Yet Another Zombie Survivors,/
Farming Simulator 22,GIANTS Software
Palworld Dedicated Server,n
Palworld Dedicated Server,i
Palworld Dedicated Server, 
Palworld Dedicated Server,:
Palworld Dedicated Server,/
Marvel&#39;s Spider-Man 2,Insomniac Games
Marvel&#39;s Spider-Man 2,Nixxes Software
World of Tanks Blitz,Wargaming Group Limited
STCC - The Game Demo Dedicated Server,n
STCC - The Game Demo Dedicated Server,i
STCC - The Game Demo Dedicated Server, 
STCC - The Game Demo Dedicated Server,:
STCC - The Game Demo Dedicated Server,/
Persona 3 Reload,ATLUS
The Seven Deadly Sins: Origin,Netmarble F&amp;C
Arma 3,Bohemia Interactive
Green Hell,Creepy Jar
Microsoft Flight Simulator 2024,Asobo Studio
Conan Exiles,Funcom
Conan Exiles,Inflexion Games
"Warhammer 40,000: Darktide",Fatshark
Sons Of The Forest,Endnight Games Ltd
Big Walk,House House
Blue Archive,NEXON Games
Total War: THREE KINGDOMS,CREATIVE ASSEMBLY
Total War: THREE KINGDOMS,Feral Interactive (Mac)
Total War: THREE KINGDOMS,Feral Interactive (Linux)
Throne and Liberty,n
Throne and Liberty,i
Throne and Liberty, 
Throne and Liberty,:
Throne and Liberty,/
Battlefield™ V,DICE
Melvor Idle,Games by Malcs
Source SDK Base 2013 Multiplayer,n
Source SDK Base 2013 Multiplayer,i
Source SDK Base 2013 Multiplayer, 
Source SDK Base 2013 Multiplayer,:
Source SDK Base 2013 Multiplayer,/
Enshrouded,Keen Games GmbH
小黑盒加速器,Qing Feng Beijing Technology
Risk of Rain 2,Hopoo Games
Play Together,n
Play Together,i
Play Together, 
Play Together,:
Play Together,/
No More Room in Hell 2,Torn Banner Studios
Kenshi,Lo-Fi Games
Fishing Planet,Fishing Planet LLC
Nioh 3,n
Nioh 3,i
Nioh 3, 
Nioh 3,:
Nioh 3,/
Wandering Sword,The Swordman Studio
Manor Lords,Slavic Magic
Tom Clancy&#39;s Ghost Recon® Breakpoint,n
Tom Clancy&#39;s Ghost Recon® Breakpoint,i
Tom Clancy&#39;s Ghost Recon® Breakpoint, 
Tom Clancy&#39;s Ghost Recon® Breakpoint,:
Tom Clancy&#39;s Ghost Recon® Breakpoint,/
F1® 25,Codemasters
鬼谷八荒 Tale of Immortal,鬼谷工作室
Heroes of Might and Magic: Olden Era,Unfrozen
Total War: ROME II - Emperor Edition,CREATIVE ASSEMBLY
Total War: ROME II - Emperor Edition,Feral Interactive
Desktop Mate,infiniteloop
Company of Heroes 3,n
Company of Heroes 3,i
Company of Heroes 3, 
Company of Heroes 3,:
Company of Heroes 3,/
Diablo II: Resurrected – Infernal Edition,Blizzard Entertainment
Split Fiction,Hazelight Studios
American Truck Simulator,SCS Software
Party Animals,Recreate Games
Path of Idle: Old Gods Rising,Small Mill
Path of Idle: Old Gods Rising,Small Mill
ICARUS,RocketWerkz
Sky: Children of the Light,thatgamecompany
Kingdom Come: Deliverance,n
Kingdom Come: Deliverance,i
Kingdom Come: Deliverance, 
Kingdom Come: Deliverance,:
Kingdom Come: Deliverance,/
Tap Ninja - Idle game,Broken Glass
DSX,Paliverse
Cult of the Lamb,Massive Monster
Shift At Midnight,Bun Muen
Horizon Walker,n
Horizon Walker,i
Horizon Walker, 
Horizon Walker,:
Horizon Walker,/
Divinity: Original Sin 2 - Definitive Edition,Larian Studios
Unnamed Space Idle,Sylv
Clair Obscur: Expedition 33,n
Clair Obscur: Expedition 33,i
Clair Obscur: Expedition 33, 
Clair Obscur: Expedition 33,:
Clair Obscur: Expedition 33,/
Mount &amp; Blade: Warband,TaleWorlds Entertainment
DEAD OR ALIVE Xtreme Venus Vacation,n
DEAD OR ALIVE Xtreme Venus Vacation,i
DEAD OR ALIVE Xtreme Venus Vacation, 
DEAD OR ALIVE Xtreme Venus Vacation,:
DEAD OR ALIVE Xtreme Venus Vacation,/
KINGDOM HEARTS -HD 1.5&#43;2.5 ReMIX-,Square Enix
Deep Rock Galactic,Ghost Ship Games
Dying Light,n
Dying Light,i
Dying Light, 
Dying Light,:
Dying Light,/
Call to Arms - Gates of Hell: Ostfront,Barbedwire Studios
Call to Arms - Gates of Hell: Ostfront,Digitalmindsoft
Dying Light 2 Stay Human: Reloaded Edition,Techland
Gamble With Your Friends,TEAM GWYF
EA SPORTS FC 25,EA Canada
EA SPORTS FC 25,EA Romania
Hogwarts Legacy,Avalanche Software
Fallout 76,n
Fallout 76,i
Fallout 76, 
Fallout 76,:
Fallout 76,/
Overcooked! 2,Ghost Town Games Ltd.
Overcooked! 2,Team17
DELTARUNE,tobyfox
Tabletop Simulator,Berserk Games
"Warhammer 40,000: Rogue Trader",Owlcat Games
Transport Fever 2,Urban Games
Diablo® IV,n
Diablo® IV,i
Diablo® IV, 
Diablo® IV,:
Diablo® IV,/
Plants vs. Zombies: Game of the Year,PopCap Games
Persona5: The Phantom X,ATLUS
Persona5: The Phantom X,SEGA
Persona5: The Phantom X,Perfect World
Mini Cozy Room : Lo-Fi,Tesseract Studio
Mini Cozy Room : Lo-Fi,Nugem Studio
XCOM® 2,Firaxis Games
XCOM® 2,Feral Interactive (Mac)
XCOM® 2,Feral Interactive (Linux)
Guild Wars 2®,ArenaNet®
Escape from Duckov 逃离鸭科夫,Team Soda
DARK SOULS™ III,FromSoftware
Shop Titans,Kabam Games
Call of Duty®: Modern Warfare® II,n
Call of Duty®: Modern Warfare® II,i
Call of Duty®: Modern Warfare® II, 
Call of Duty®: Modern Warfare® II,:
Call of Duty®: Modern Warfare® II,/
Aliens vs Predator Dedicated Server,n
Aliens vs Predator Dedicated Server,i
Aliens vs Predator Dedicated Server, 
Aliens vs Predator Dedicated Server,:
Aliens vs Predator Dedicated Server,/
Goose Goose Duck,Gaggle Studios
theHunter: Call of the Wild™,Expansive Worlds
MARVEL SNAP,n
MARVEL SNAP,i
MARVEL SNAP, 
MARVEL SNAP,:
MARVEL SNAP,/
People Playground,mestiez
NBA 2K25,Visual Concepts
Lost Castle 2,Hunter Studio
Killing Floor 2,n
Killing Floor 2,i
Killing Floor 2, 
Killing Floor 2,:
Killing Floor 2,/
KovaaK&#39;s,KovaaK Games
Broken Arrow,Steel Balalaika
BLOODSTRIKE,NetEase Games
EVE Online,Fenris Creations
Age of Empires III: Definitive Edition,World's Edge
Age of Empires III: Definitive Edition,Tantalus Media
Age of Empires III: Definitive Edition,Forgotten Empires
RACE On - Demo: Dedicated Server,n
RACE On - Demo: Dedicated Server,i
RACE On - Demo: Dedicated Server, 
RACE On - Demo: Dedicated Server,:
RACE On - Demo: Dedicated Server,/
Mewgenics,Edmund McMillen
Mewgenics,Tyler Glaiel
Planet Zoo,Frontier Developments
Hades II,Supergiant Games
Ruins of Dawn,刷宝爱好者
Enlisted,Darkflow Software
Chill with You : Lo-Fi Story,Nestopi Inc.
Dino D-Day - Dedicated Server,n
Dino D-Day - Dedicated Server,i
Dino D-Day - Dedicated Server, 
Dino D-Day - Dedicated Server,:
Dino D-Day - Dedicated Server,/
GrandChase,KOG
MY HERO ULTRA RUMBLE,Byking Inc.
Timberborn,Mechanistry
Microsoft Flight Simulator (2020),Asobo Studio
Waterpark Simulator,CayPlay
Conqueror&#39;s Blade,Booming Tech
Hell Let Loose: Vietnam,Expression Games
Dyson Sphere Program,Youthcat Studio
Yargis - Space Melee - Dedicated Server,n
Yargis - Space Melee - Dedicated Server,i
Yargis - Space Melee - Dedicated Server, 
Yargis - Space Melee - Dedicated Server,:
Yargis - Space Melee - Dedicated Server,/
Total War: MEDIEVAL II – Definitive Edition,CREATIVE ASSEMBLY
Total War: MEDIEVAL II – Definitive Edition,Feral Interactive (Mac)
Total War: MEDIEVAL II – Definitive Edition,Feral Interactive (Linux)
SnowRunner,Saber Interactive
Dune: Awakening,n
Dune: Awakening,i
Dune: Awakening, 
Dune: Awakening,:
Dune: Awakening,/
HITMAN World of Assassination,n
HITMAN World of Assassination,i
HITMAN World of Assassination, 
HITMAN World of Assassination,:
HITMAN World of Assassination,/
X4: Foundations,Egosoft
Detroit: Become Human,n
Detroit: Become Human,i
Detroit: Become Human, 
Detroit: Become Human,:
Detroit: Become Human,/
ShareX,ShareX Team
Elite Dangerous,Frontier Developments
Your Chronicle,Samurai Games
Banana,Sky
Banana,AestheticSpartan
Banana,Banana Game
NGU IDLE,4G
Starfield,n
Starfield,i
Starfield, 
Starfield,:
Starfield,/
SMITE 2,Titan Forge Games
Sea of Thieves: 2025 Edition,Rare Ltd
Teardown,Tuxedo Labs
The Outlast Trials,Red Barrels
Core Keeper,Pugstorm
Wizardry Variants Daphne,Drecom Co.
Stumble Guys,Scopely
Hades,Supergiant Games
Barotrauma,FakeFish
Barotrauma,Undertow Games
Space Station 14 Playtest,Space Wizards Federation
Forza Horizon 4,Playground Games
ReStory: Chill Electronics Repairs,Mandragora
World War Z,Saber Interactive Inc
V Rising,Stunlock Studios
OVR Advanced Settings,OVRAS Team
gogh: Focus with Your Avatar,ambr
They Are Billions,Numantian Games
Astral Party,STAR ENGINE PROJECT
DDNet,DDNet Team
Resident Evil Requiem,n
Resident Evil Requiem,i
Resident Evil Requiem, 
Resident Evil Requiem,:
Resident Evil Requiem,/
Village in the Shade,Nippon Ichi Software
Workers &amp; Resources: Soviet Republic,3Division
Bongo Waifu,n
Bongo Waifu,i
Bongo Waifu, 
Bongo Waifu,:
Bongo Waifu,/
Chained Together,Anegar Games
Captain of Industry,MaFi Games
Windrose,Kraken Express
Kerbal Space Program,Squad
The Forest,Endnight Games Ltd
A Dance of Fire and Ice,7th Beat Games
Borderlands 4,n
Borderlands 4,i
Borderlands 4, 
Borderlands 4,:
Borderlands 4,/
Esports Manager 2026,Neurona Games
STAR WARS™: The Old Republic™,Broadsword
Supermarket Simulator,Nokta Games
Monday Night Combat Dedicated Server,n
Monday Night Combat Dedicated Server,i
Monday Night Combat Dedicated Server, 
Monday Night Combat Dedicated Server,:
Monday Night Combat Dedicated Server,/
ONE PIECE Bounty Rush,SEGA
TCG Card Shop Simulator,OPNeon Games
Dead Cells,Motion Twin
GIRLS&#39; FRONTLINE 2: EXILIUM,n
GIRLS&#39; FRONTLINE 2: EXILIUM,i
GIRLS&#39; FRONTLINE 2: EXILIUM, 
GIRLS&#39; FRONTLINE 2: EXILIUM,:
GIRLS&#39; FRONTLINE 2: EXILIUM,/
Le Mans Ultimate,Studio 397
Call of Duty: Black Ops III,n
Call of Duty: Black Ops III,i
Call of Duty: Black Ops III, 
Call of Duty: Black Ops III,:
Call of Duty: Black Ops III,/
SAO Utils 2: Progressive,Joshua Chen
Vampire Survivors,poncle
Stellar Blade™,n
Stellar Blade™,i
Stellar Blade™, 
Stellar Blade™,:
Stellar Blade™,/
Soundpad Demo,Leppsoft
Amarillo&#39;s Butt Slapper,n
Amarillo&#39;s Butt Slapper,i
Amarillo&#39;s Butt Slapper, 
Amarillo&#39;s Butt Slapper,:
Amarillo&#39;s Butt Slapper,/
Grand Theft Auto IV: The Complete Edition,Rockstar North
Grand Theft Auto IV: The Complete Edition,Rockstar Toronto
Doloc Town,RedSaw Games Studio
Rise of the Tomb Raider™,n
Rise of the Tomb Raider™,i
Rise of the Tomb Raider™, 
Rise of the Tomb Raider™,:
Rise of the Tomb Raider™,/
MyDockFinder,MyDockFinder
Reverse: 1999,BLUEPOCH GAMES CO.
Football Manager 2023,Sports Interactive
Gothic 1 Remake,Alkimia Interactive
Assassin&#39;s Creed Valhalla,n
Assassin&#39;s Creed Valhalla,i
Assassin&#39;s Creed Valhalla, 
Assassin&#39;s Creed Valhalla,:
Assassin&#39;s Creed Valhalla,/
Two Point Museum,Two Point Studios
Megabonk,vedinad
Resident Evil 2,n
Resident Evil 2,i
Resident Evil 2, 
Resident Evil 2,:
Resident Evil 2,/
eBaseball™: PRO SPIRIT,KONAMI
Watch_Dogs 2,Ubisoft
Ghost of Tsushima DIRECTOR&#39;S CUT,n
Ghost of Tsushima DIRECTOR&#39;S CUT,i
Ghost of Tsushima DIRECTOR&#39;S CUT, 
Ghost of Tsushima DIRECTOR&#39;S CUT,:
Ghost of Tsushima DIRECTOR&#39;S CUT,/
Sultan&#39;s Game,Double Cross
Lobotomy Corporation,ProjectMoon
Disney Dreamlight Valley,Gameloft
ROMANCE OF THE THREE KINGDOMS XIV,KOEI TECMO GAMES CO.
Wallpaper Play,Mark
Spirit City: Lofi Sessions,Mooncube Games
Totally Accurate Battle Simulator,Landfall
Fallout: New Vegas,n
Fallout: New Vegas,i
Fallout: New Vegas, 
Fallout: New Vegas,:
Fallout: New Vegas,/
Kathana,Gameolic Development Studio
Need for Speed™ Heat,Ghost Games
FINAL FANTASY VII REBIRTH,n
FINAL FANTASY VII REBIRTH,i
FINAL FANTASY VII REBIRTH, 
FINAL FANTASY VII REBIRTH,:
FINAL FANTASY VII REBIRTH,/
House Flipper 2,Frozen District
Godot Engine,Godot Engine
Warhammer: Vermintide 2,Fatshark
Hell Let Loose,Expression Games
Halo: The Master Chief Collection,343 Industries
Halo: The Master Chief Collection,Splash Damage
Halo: The Master Chief Collection,Ruffian Games
Halo: The Master Chief Collection,Bungie
Halo: The Master Chief Collection,Saber Interactive
Company of Heroes 2,n
Company of Heroes 2,i
Company of Heroes 2, 
Company of Heroes 2,:
Company of Heroes 2,/
Subnautica 2,Unknown Worlds Entertainment
FOR HONOR™,Ubisoft Montreal
FOR HONOR™,Ubisoft Quebec
FOR HONOR™,Ubisoft Toronto
FOR HONOR™,Blue Byte
Pathfinder: Wrath of the Righteous - Enhanced Edition,Owlcat Games
The Planet Crafter,Miju Games
Counter-Strike: Source,Valve
流亡黯道,n
流亡黯道,i
流亡黯道, 
流亡黯道,:
流亡黯道,/
Space Engineers,Keen Software House
Anno 1800,Ubisoft Mainz
ULTRAKILL,Arsi &quot;Hakita&quot; Patala
Torchlight: Infinite,XD
Age of Empires II (2013),Skybox Labs
Age of Empires II (2013),Hidden Path Entertainment
Age of Empires II (2013),Ensemble Studios
Age of Empires II (2013),Forgotten Empires
The Long Dark,Hinterland Studio Inc.
Buckshot Roulette,Mike Klubnika
Quasimorph,Magnum Scriptum
ヘブンバーンズレッド,WRIGHT FLYER STUDIOS
ヘブンバーンズレッド,VisualArts/Key
Total War: ATTILA,CREATIVE ASSEMBLY
Total War: ATTILA,Feral Interactive
Total War: SHOGUN 2,CREATIVE ASSEMBLY
Total War: SHOGUN 2,Feral Interactive (Mac)
Total War: SHOGUN 2,Feral Interactive (Linux)
Library Of Ruina,ProjectMoon
Cuphead,Studio MDHR Entertainment Inc.
觅长生,Chalcedony Network
Subnautica,Unknown Worlds Entertainment
Stronghold Crusader: Definitive Edition,Firefly Studios
太吾绘卷 The Scroll Of Taiwu,ConchShip Games
Car Mechanic Simulator 2021,Red Dot Games
DEATH STRANDING 2: ON THE BEACH,n
DEATH STRANDING 2: ON THE BEACH,i
DEATH STRANDING 2: ON THE BEACH, 
DEATH STRANDING 2: ON THE BEACH,:
DEATH STRANDING 2: ON THE BEACH,/
Strinova,iDreamSky
RuneScape ®,Jagex Ltd
Far Cry 5,Ubisoft Montreal
Far Cry 5,Red Storm
Far Cry 5,Ubisoft Shanghai
Far Cry 5,Ubisoft Toronto
Far Cry 5,Ubisoft Kiev
Hearth and Hamlet,Phorust Studios
Battle Brothers,Overhype Studios
WUCHANG: Fallen Feathers,Leenzee
Foxhole,Siege Camp
Librarian: Tidy Up the Arcane Library!,ArtRising
MOBILE SUIT GUNDAM BATTLE OPERATION 2,Bandai Namco Forge Digitals Inc.
Bodycam,Reissad Studio
HudSight - crosshair overlay,Eduard Kozadaev
Firestone – Idle Clicker Online RPG,Holyday Studios
Command &amp; Conquer: Red Alert™ 2 and Yuri’s Revenge™,Westwood Pacific
Command &amp; Conquer: Red Alert™ 2 and Yuri’s Revenge™,Westwood Studios
绍宋,互动之星
绍宋,猫眼娱乐
Mass Effect™ Legendary Edition,n
Mass Effect™ Legendary Edition,i
Mass Effect™ Legendary Edition, 
Mass Effect™ Legendary Edition,:
Mass Effect™ Legendary Edition,/
Minecraft Dungeons,Mojang Studios
Minecraft Dungeons,‪Double Eleven
Idle Champions of the Forgotten Realms,Codename Entertainment Inc.
Assassin&#39;s Creed Origins,Ubisoft Montreal
Knight Online,Noah System
Knight Online,Mgame
Assetto Corsa Competizione,Kunos Simulazioni
House Flipper,Empyrean
Clicker Heroes,Playsaurus
RuneScape: Dragonwilds,Jagex Ltd
Metaphor: ReFantazio,ATLUS
Total War: EMPIRE – Definitive Edition,CREATIVE ASSEMBLY
Total War: EMPIRE – Definitive Edition,Feral Interactive (Mac)
Total War: EMPIRE – Definitive Edition,Feral Interactive (Linux)
Frostpunk,n
Frostpunk,i
Frostpunk, 
Frostpunk,:
Frostpunk,/
"KOTAMON: My Sis Found A Super-Rare Card In Her Cereal Box, So I Became A Garbage Man To Find The Entire Collection And Earn $1,000,000", KotaMota Games
龙胤立志传,TPP Studio
星之翼,Game Blender
"Ranch Simulator: Build, Hunt, Farm",Toxic Dog
DARK SOULS™: REMASTERED,QLOC
DARK SOULS™: REMASTERED,FromSoftware
Lust Goddess,n
Lust Goddess,i
Lust Goddess, 
Lust Goddess,:
Lust Goddess,/
Feed The Cups,Vambear Games
BLEACH Brave Souls,KLab Inc.
Graveyard Keeper,Lazy Bear Games
Servant of the Lake,Rusty Lake
Planet Coaster 2,Frontier Developments
Idle Hero TD - Tower Defense,Swell Games LLC
NOBUNAGA&#39;S AMBITION: Awakening,KOEI TECMO GAMES CO.
Grounded,Obsidian Entertainment
Dragon&#39;s Dogma 2,n
Dragon&#39;s Dogma 2,i
Dragon&#39;s Dogma 2, 
Dragon&#39;s Dogma 2,:
Dragon&#39;s Dogma 2,/
God of War Ragnarök,Santa Monica Studio
God of War Ragnarök,Jetpack Interactive
Zombie Army 4: Dead War,Rebellion
Meow My Crop!,Nocturnal Games
Morimens,B.I.A.V. Studio
Noita,Nolla Games
Crime Simulator,CookieDev
Lethal Company,Zeekerss
Assassin’s Creed Shadows,Ubisoft Quebec
Assassin’s Creed Shadows,Ubisoft Belgrade
Assassin’s Creed Shadows,Ubisoft Bordeaux
Assassin’s Creed Shadows,Ubisoft Bucharest &amp; Craiova
Assassin’s Creed Shadows,Ubisoft Chengdu
Assassin’s Creed Shadows,Ubisoft Montpellier
Assassin’s Creed Shadows,Ubisoft Montreal
Assassin’s Creed Shadows,Ubisoft Osaka
Assassin’s Creed Shadows,Ubisoft Philippines
Assassin’s Creed Shadows,Ubisoft Shanghai
Assassin’s Creed Shadows,Ubisoft Singapore
Assassin’s Creed Shadows,Ubisoft Sofia
Assassin’s Creed Shadows,Ubisoft Ukraine
Medieval Dynasty,Render Cube
Against the Storm,Eremite Games
Human Fall Flat,No Brakes Games
WorldBox - God Simulator,Maxim Karpenko
MX Bikes,PiBoSo
Rain World,Videocult
Devil May Cry 5,n
Devil May Cry 5,i
Devil May Cry 5, 
Devil May Cry 5,:
Devil May Cry 5,/
Backpack Battles,PlayWithFurcifer
Undertale,tobyfox
Abiotic Factor,Deep Field Games
Borderlands 3,n
Borderlands 3,i
Borderlands 3, 
Borderlands 3,:
Borderlands 3,/
Anno 117: Pax Romana,Ubisoft Mainz
Batman™: Arkham Knight,n
Batman™: Arkham Knight,i
Batman™: Arkham Knight, 
Batman™: Arkham Knight,:
Batman™: Arkham Knight,/
No Rest for the Wicked,Moon Studios GmbH
World of Sea Battle,Thera Interactive
Bellwright,Donkey Crew
FINAL FANTASY VII REMAKE INTERGRADE,Square Enix
StarSavior,Studiobside
Gray Zone Warfare,MADFINGER Games
RISK: Global Domination,SMG Studio
Yu-Gi-Oh! Duel Links,KONAMI
GeoGuessr Steam Edition,GeoGuessr
Tomb Raider Game of the Year,n
Tomb Raider Game of the Year,i
Tomb Raider Game of the Year, 
Tomb Raider Game of the Year,:
Tomb Raider Game of the Year,/
Age of Mythology: Retold,World's Edge
Age of Mythology: Retold,Forgotten Empires
Age of Mythology: Retold,Tantalus Media
Age of Mythology: Retold,CaptureAge
Age of Mythology: Retold,Virtuos Games
The Last of Us™ Part II Remastered,n
The Last of Us™ Part II Remastered,i
The Last of Us™ Part II Remastered, 
The Last of Us™ Part II Remastered,:
The Last of Us™ Part II Remastered,/
Farthest Frontier,Crate Entertainment
Metro Exodus,4A Games
Celeste,Maddy Makes Games Inc.
Celeste,Extremely OK Games
Lies of P,n
Lies of P,i
Lies of P, 
Lies of P,:
Lies of P,/
Atomic Heart,n
Atomic Heart,i
Atomic Heart, 
Atomic Heart,:
Atomic Heart,/
Kingdom Two Crowns,Fury Studios
Kingdom Two Crowns,Coatsink
大侠立志传,半瓶醋工作室（Half Amateur Studio）
IRON NEST: Heavy Turret Simulator,Nick Nieuwoudt
IRON NEST: Heavy Turret Simulator,Dominik Latos
"Your Big, Cute Monster Farm",KaiPlay Studio
Don&#39;t Starve,Klei Entertainment
The Spell Brigade,Bolt Blaster Games
God of War,n
God of War,i
God of War, 
God of War,:
God of War,/
inZOI,inZOI Studio
火炬之光：无限,n
火炬之光：无限,i
火炬之光：无限, 
火炬之光：无限,:
火炬之光：无限,/
Pass the Fear,PlayMud Studio
BlazBlue Entropy Effect,91Act
War Robots,MY.GAMES
Resident Evil Village,n
Resident Evil Village,i
Resident Evil Village, 
Resident Evil Village,:
Resident Evil Village,/
Days Gone,n
Days Gone,i
Days Gone, 
Days Gone,:
Days Gone,/
Infinity Nikki,Infold Games
Mafia: Definitive Edition,n
Mafia: Definitive Edition,i
Mafia: Definitive Edition, 
Mafia: Definitive Edition,:
Mafia: Definitive Edition,/
Soulmask,CampFire Studio
REMATCH,Sloclap
Dying Light: The Beast Restored Land,Techland
Stoneshard,Ink Stains Games
Dread Hunger,Dread Hunger Team
Gallipoli,BlackMill Games
BALL x PIT,Kenny Sun and Friends
Hero&#39;s Land,钢之直男工作室
Fallout Shelter,Bethesda Game Studios
Half-Life 2,Valve
My Summer Car,Amistech Games
Crime Scene Cleaner,President Studio
Metro Exodus Enhanced Edition,4A Games
Into the Dead: Our Darkest Days,PikPok
Tap Tap Loot,Turtle Knight Games
Chivalry 2,n
Chivalry 2,i
Chivalry 2, 
Chivalry 2,:
Chivalry 2,/
The Last of Us™ Part I,n
The Last of Us™ Part I,i
The Last of Us™ Part I, 
The Last of Us™ Part I,:
The Last of Us™ Part I,/
OCTOPATH TRAVELER II,Square Enix
OCTOPATH TRAVELER II,ACQUIRE Corp.
Borderlands 2,n
Borderlands 2,i
Borderlands 2, 
Borderlands 2,:
Borderlands 2,/
skate.,Full Circle
Half Sword Demo,Half Sword Games
RV There Yet?,Nuggets Entertainment
Middle-earth™: Shadow of War™,n
Middle-earth™: Shadow of War™,i
Middle-earth™: Shadow of War™, 
Middle-earth™: Shadow of War™,:
Middle-earth™: Shadow of War™,/
Evitania Online,Disruptive Blast
007 First Light,n
007 First Light,i
007 First Light, 
007 First Light,:
007 First Light,/
Metro 2033 Redux,4A Games
Brick Rigs,Fluppisoft GmbH
Mecha BREAK,Amazing Seasun Games
One-armed robber,Duhndal
Krita,Krita Team
Krita,Krita Community Contributors
Farmer Against Potatoes Idle,Oni Gaming
Persona 4 Golden,ATLUS
Dead Island 2,n
Dead Island 2,i
Dead Island 2, 
Dead Island 2,:
Dead Island 2,/
Marvel’s Spider-Man: Miles Morales,Insomniac Games
Marvel’s Spider-Man: Miles Morales,Nixxes Software
REMNANT II®,n
REMNANT II®,i
REMNANT II®, 
REMNANT II®,:
REMNANT II®,/
Stay Out,MOBITECH LLC
Raging Loop,KEMCO
Portal 2,Valve
PixARK,Snail Games USA
Shakes and Fidget,Playa Games GmbH
Dungeon Crusher: Soul Hunters,Towards Mars Limited
RAID: Shadow Legends,Plarium Global Ltd
DYNASTY WARRIORS: ORIGINS,KOEI TECMO GAMES CO.
Elin,Lafrontier
Prison Architect,n
Prison Architect,i
Prison Architect, 
Prison Architect,:
Prison Architect,/
Farming Simulator 19,GIANTS Software
Live Wallpaper,Fionnshare
Coral Island,Stairway Games
Heroes of Might &amp; Magic III - HD Edition,Dotemu
Sea Power : Naval Combat in the Missile Age,Triassic Games
Far Cry® 4,Ubisoft Montreal
Age of Wonders 4,n
Age of Wonders 4,i
Age of Wonders 4, 
Age of Wonders 4,:
Age of Wonders 4,/
Wartales,Shiro Games
Sid Meier&#39;s Civilization IV: Beyond the Sword,Firaxis Games
Mafia III: Definitive Edition,n
Mafia III: Definitive Edition,i
Mafia III: Definitive Edition, 
Mafia III: Definitive Edition,:
Mafia III: Definitive Edition,/
三国杀,杭州游卡网络技术有限公司
How Many Dudes?,Butterscotch Shenanigans
Command &amp; Conquer™ Generals Zero Hour,EA Pacific
Disco Elysium - The Final Cut,ZA/UM
Football Manager 2022,Sports Interactive
Trailmakers,Flashbulb
Asphalt Legends,Gameloft
Titanfall® 2,Respawn Entertainment
Going Medieval,Foxy Voxel
Darkest Dungeon® II,Red Hook Studios
Pummel Party,Rebuilt Games
HumanitZ,Yodubzz Studios
DARK SOULS™ II: Scholar of the First Sin,n
DARK SOULS™ II: Scholar of the First Sin,i
DARK SOULS™ II: Scholar of the First Sin, 
DARK SOULS™ II: Scholar of the First Sin,:
DARK SOULS™ II: Scholar of the First Sin,/
MENACE,Overhype Studios
Scritchy Scratchy,Lunch Money Games
Mortal Kombat 11,n
Mortal Kombat 11,i
Mortal Kombat 11, 
Mortal Kombat 11,:
Mortal Kombat 11,/
Horizon Forbidden West™ Complete Edition,n
Horizon Forbidden West™ Complete Edition,i
Horizon Forbidden West™ Complete Edition, 
Horizon Forbidden West™ Complete Edition,:
Horizon Forbidden West™ Complete Edition,/
Necesse,Fair Games ApS
Jurassic World Evolution 3,Frontier Developments
Lords of the Fallen,CI Games
SAO Utils: Beta,Joshua Chen
EA SPORTS FC™ 24,EA Canada
EA SPORTS FC™ 24,EA Romania
METAL GEAR SOLID V: THE PHANTOM PAIN,n
METAL GEAR SOLID V: THE PHANTOM PAIN,i
METAL GEAR SOLID V: THE PHANTOM PAIN, 
METAL GEAR SOLID V: THE PHANTOM PAIN,:
METAL GEAR SOLID V: THE PHANTOM PAIN,/
Warudo,Hakuya Labs
DEATH STRANDING DIRECTOR&#39;S CUT,KOJIMA PRODUCTIONS
OVR Toolkit - Desktop Overlay,Curtis English
Idle Slayer,Pablo Leban
Sniper Elite 5,Rebellion
Crossout,Targem Games
Thief Simulator,Noble Muffins
Sudden Attack Zero Point,NEXON Games Co.
The First Berserker: Khazan,n
The First Berserker: Khazan,i
The First Berserker: Khazan, 
The First Berserker: Khazan,:
The First Berserker: Khazan,/
GUILTY GEAR -STRIVE-,Arc System Works
Granado Espada,IMCGAMES Co.
Trackmania,Nadeo
The Last Caretaker,Channel37 Ltd
Stormworks: Build and Rescue,Geometa
State of Decay 2,Undead Labs
DOOM: The Dark Ages,n
DOOM: The Dark Ages,i
DOOM: The Dark Ages, 
DOOM: The Dark Ages,:
DOOM: The Dark Ages,/
VBridger,PiPuProductions
VBridger,Serp
XSOverlay,Xiexe
RPG Maker MZ,Gotcha Gotcha Games
RPG Maker MZ,KADOKAWA
RPG Maker MZ,Yoji Ojima
The Riftbreaker,EXOR Studios
Farm Together 2,Milkstone Studios
Half Sword,Half Sword Games
FINAL FANTASY XIV Online Free Trial,n
FINAL FANTASY XIV Online Free Trial,i
FINAL FANTASY XIV Online Free Trial, 
FINAL FANTASY XIV Online Free Trial,:
FINAL FANTASY XIV Online Free Trial,/
Outer Wilds,Mobius Digital
Mindustry,AnukenDev
Silly Linguine Cat Simulator Deluxe Online,Brody Seyranian
Titan Quest II,Grimlore Games
Crusader Kings II,Paradox Development Studio
MARVEL Tōkon: Fighting Souls,ARC SYSTEM WORKS CO.
Starsand Island,Seed Sparkle Lab
Like a Dragon: Infinite Wealth,n
Like a Dragon: Infinite Wealth,i
Like a Dragon: Infinite Wealth, 
Like a Dragon: Infinite Wealth,:
Like a Dragon: Infinite Wealth,/
Battlefield™ 2042,DICE
Typing Farmer,MilkwayStudio
"Warhammer 40,000: Dawn of War - Definitive Edition",Relic Entertainment
Upload Labs,EnigmaDev Studios
Train Sim World® 6,Dovetail Games
PowerWash Simulator 2,FuturLab
Sid Meier&#39;s Civilization III: Complete,Firaxis Games
Control Ultimate Edition,n
Control Ultimate Edition,i
Control Ultimate Edition, 
Control Ultimate Edition,:
Control Ultimate Edition,/
Marathon,Bungie
Far Cry 6,n
Far Cry 6,i
Far Cry 6, 
Far Cry 6,:
Far Cry 6,/
ブループロトコル：スターレゾナンス,n
ブループロトコル：スターレゾナンス,i
ブループロトコル：スターレゾナンス, 
ブループロトコル：スターレゾナンス,:
ブループロトコル：スターレゾナンス,/
Terra Invicta,Pavonis Interactive
Easy Red 2,Marco Amadei
Shadow of the Tomb Raider: Definitive Edition,n
Shadow of the Tomb Raider: Definitive Edition,i
Shadow of the Tomb Raider: Definitive Edition, 
Shadow of the Tomb Raider: Definitive Edition,:
Shadow of the Tomb Raider: Definitive Edition,/
少女前线,n
少女前线,i
少女前线, 
少女前线,:
少女前线,/
Fish to Dish: Idle Sushi,Kygua Tech
Call of Duty®: Modern Warfare®,n
Call of Duty®: Modern Warfare®,i
Call of Duty®: Modern Warfare®, 
Call of Duty®: Modern Warfare®,:
Call of Duty®: Modern Warfare®,/
Northgard: Definitive Edition,Shiro Games
The Elder Scrolls V: Skyrim,n
The Elder Scrolls V: Skyrim,i
The Elder Scrolls V: Skyrim, 
The Elder Scrolls V: Skyrim,:
The Elder Scrolls V: Skyrim,/
Nioh 2 – The Complete Edition,n
Nioh 2 – The Complete Edition,i
Nioh 2 – The Complete Edition, 
Nioh 2 – The Complete Edition,:
Nioh 2 – The Complete Edition,/
Shin Megami Tensei V: Vengeance,n
Shin Megami Tensei V: Vengeance,i
Shin Megami Tensei V: Vengeance, 
Shin Megami Tensei V: Vengeance,:
Shin Megami Tensei V: Vengeance,/
Idling to Rule the Gods,Shugasu GmbH
My Singing Monsters,Big Blue Bubble
Oaken Tower,Bocary Studios
Game of Thrones Kingsroad,n
Game of Thrones Kingsroad,i
Game of Thrones Kingsroad, 
Game of Thrones Kingsroad,:
Game of Thrones Kingsroad,/
Deep Rock Galactic: Survivor,Funday Games
活俠傳,Obb Studio Inc.
Mafia II: Definitive Edition,Hangar 13
Mafia II: Definitive Edition,D3T
Paralives,Alex Massé and team
Madoka Magica Magia Exedra,n
Madoka Magica Magia Exedra,i
Madoka Magica Magia Exedra, 
Madoka Magica Magia Exedra,:
Madoka Magica Magia Exedra,/
奶茶店模拟器 - 重生之我在冰堡甜城当店长,Caikemi
Shape of Dreams,Lizard Smoothie
Total War: ROME REMASTERED,Creative Assembly
Total War: ROME REMASTERED,Feral Interactive
Total War: NAPOLEON – Definitive Edition,CREATIVE ASSEMBLY
Total War: NAPOLEON – Definitive Edition,Feral Interactive (Mac)
Texas Hold&#39;em Poker: Pokerist,KamaGames Entertainment Group Limited
Sally Face - Episode One,Portable Moose
Resident Evil 7 Biohazard,n
Resident Evil 7 Biohazard,i
Resident Evil 7 Biohazard, 
Resident Evil 7 Biohazard,:
Resident Evil 7 Biohazard,/
Travellers Rest,Isolated Games
Mechabellum,Game River
Soccer Manager 2026,Invincibles Studio Ltd
Antimatter Dimensions,Hevipelle
Antimatter Dimensions,Omsi
Antimatter Dimensions,Razenpok
Antimatter Dimensions,Spectralflame
Antimatter Dimensions,WaitingIdly
STAR WARS™ Empire at War: Gold Pack,Petroglyph
Project P.I.T.T.,Froke
Moonlighter,Digital Sun
Overcooked! All You Can Eat,Team17 Digital
Overcooked! All You Can Eat,Ghost Town Games
Combat Master,Alfa Bravo Inc
Phoenix Wright: Ace Attorney Trilogy,CAPCOM Co.
Old School RuneScape,Jagex Ltd
Company of Heroes,Relic Entertainment
Dokimon: Quest,Yanako RPGs
天外 : 英雄 Online,雷爵網絡科技股份有限公司
Pixel Gun 3D: PC Edition,Cubic Games Studio
ZERO Sievert,CABO Studio
ARMORED CORE™ VI FIRES OF RUBICON™,n
ARMORED CORE™ VI FIRES OF RUBICON™,i
ARMORED CORE™ VI FIRES OF RUBICON™, 
ARMORED CORE™ VI FIRES OF RUBICON™,:
ARMORED CORE™ VI FIRES OF RUBICON™,/
Dead Frontier 2,Creaky Corpse Ltd
Fickle Card Legend,偶尔不帅
Total War: WARHAMMER II,CREATIVE ASSEMBLY
Total War: WARHAMMER II,Feral Interactive (Mac)
Total War: WARHAMMER II,Feral Interactive (Linux)
Two Point Hospital,Two Point Studios
X-Plane 12,Laminar Research
DEAD OR ALIVE Xtreme Venus Vacation,n
DEAD OR ALIVE Xtreme Venus Vacation,i
DEAD OR ALIVE Xtreme Venus Vacation, 
DEAD OR ALIVE Xtreme Venus Vacation,:
DEAD OR ALIVE Xtreme Venus Vacation,/
Yi Xian: The Cultivation Card Game,Darksun Studio
Warborne Above Ashes,Qooland Games
The Crew Motorfest,Ubisoft Ivory Tower
Slime Rancher,Monomi Park
Dota Underlords,Valve
Source Filmmaker,Valve
Dinkum,James Bendon
Inscryption,Daniel Mullins Games
灰烬之国 Cinderia,MyACG Studio
Lords Mobile: Kingdom Wars,IGG SINGAPORE PTE. LTD.
Romance of the Three Kingdoms XI with Power Up Kit,KOEI TECMO GAMES CO.
The Elder Scrolls IV: Oblivion Remastered,n
The Elder Scrolls IV: Oblivion Remastered,i
The Elder Scrolls IV: Oblivion Remastered, 
The Elder Scrolls IV: Oblivion Remastered,:
The Elder Scrolls IV: Oblivion Remastered,/
Vacation Cafe Simulator,Alice Games
WARNO,Eugen Systems
Big Ambitions,Hovgaard Games
DOOM Eternal,n
DOOM Eternal,i
DOOM Eternal, 
DOOM Eternal,:
DOOM Eternal,/
Book Of Yog Idle RPG 依盖之书,元气工作室
STAR WARS Jedi: Survivor™,n
STAR WARS Jedi: Survivor™,i
STAR WARS Jedi: Survivor™, 
STAR WARS Jedi: Survivor™,:
STAR WARS Jedi: Survivor™,/
Foundation,Polymorph Games
INAZUMA ELEVEN: Victory Road,LEVEL5 Inc.
Metro: Last Light Redux,4A Games
BATTLETECH,Harebrained Schemes
This War of Mine,11 bit studios
Pathogenic,Aberrant Labs
DJMAX RESPECT V,NEOWIZ
Need for Speed™ Unbound,Criterion Games
HUMANKIND™,AMPLITUDE Studios
Poppy Playtime,Mob Entertainment
ASTRONEER,System Era Softworks
Chinese Parents,墨鱼玩游戏
Empires of the Undergrowth,Slug Disco
The Lord of the Rings Online™,Standing Stone Games
9 Kings,Sad Socket
Tainted Grail: The Fall of Avalon,Questline
Football Manager 2020,Sports Interactive
POSTAL 2,Running With Scissors
Duet Night Abyss,Pan Studio
Mafia: The Old Country,Hangar 13
Pax Autocratica,Multiverse
Sovereign Tower,WILD WITS GAMES
Star Trek Online,Cryptic Studios
Slime Rancher 2,Monomi Park
Gems of War - Puzzle RPG,Infinity Plus 2
Megastore Simulator,Yolo Games Studio
Football Manager 2021,Sports Interactive
东方夜雀食堂 - Touhou Mystia&#39;s Izakaya,二色幽紫蝶
东方夜雀食堂 - Touhou Mystia&#39;s Izakaya,Re零同人社
Project Hospital,Oxymoron Games
CarX Drift Racing Online,CarX Technologies
Realm of the Mad God Exalt,Wild Shadow Studios
Realm of the Mad God Exalt,Deca Live Operations GmbH
OMSI 2,MR-Software GbR
Plague Inc: Evolved,Ndemic Creations
Resident Evil 6,n
Resident Evil 6,i
Resident Evil 6, 
Resident Evil 6,:
Resident Evil 6,/
Wobbly Life,RubberBandGames
AdVenture Capitalist,Hyper Hippo Games
EARTH DEFENSE FORCE 6,SANDLOT
Euro Truck Simulator 2 Demo,SCS Software
PlateUp!,It's happening
Cube Racer,Simon Blasen
Assetto Corsa EVO,KUNOS Simulazioni
Milky Way Idle,cheze
Diplomacy is Not an Option,Door 407
Mortal Kombat 1,NetherRealm Studios
Mortal Kombat 1,QLOC
Deadzone: Rogue,Prophecy Games
Insurgency: Sandstorm,New World Interactive
Yakuza: Like a Dragon,n
Yakuza: Like a Dragon,i
Yakuza: Like a Dragon, 
Yakuza: Like a Dragon,:
Yakuza: Like a Dragon,/
Blue Prince,Dogubomb
Galaxy Idle Clicker,Soehnle
暖雪 Warm Snow,BadMudStudio
MLB 9 Innings Rivals 26,Com2uS
Senren＊Banka,YUZUSOFT
Tropico 6,n
Tropico 6,i
Tropico 6, 
Tropico 6,:
Tropico 6,/
Muck,Dani
MU: Dark Epoch,37GAMES
Crab Game,Dani
Crusaders Quest : Hero Town,CQ LABS
Cash Cleaner Simulator,Mind Control Games
Monster Train 2,Shiny Shoe
Toram Online,Asobimo
The Walking Dead: The Telltale Definitive Series,n
The Walking Dead: The Telltale Definitive Series,i
The Walking Dead: The Telltale Definitive Series, 
The Walking Dead: The Telltale Definitive Series,:
The Walking Dead: The Telltale Definitive Series,/
Content Warning,Zorro
Content Warning,Wilnyl
Content Warning,Philip
Content Warning,thePetHen
Content Warning,Skog
Digimon Story Time Stranger,Media.Vision Inc.
UNCHARTED™: Legacy of Thieves Collection,Naughty Dog LLC
UNCHARTED™: Legacy of Thieves Collection,Iron Galaxy Studios
Last Epoch,Eleventh Hour Games
Action Taimanin,LiLith
The Sims™ 3,The Sims Studio
The Sims™ 3,Maxis
Ravenswatch,Passtech Games
Skull and Bones,n
Skull and Bones,i
Skull and Bones, 
Skull and Bones,:
Skull and Bones,/
Avatar: Frontiers of Pandora™,Massive Entertainment – A Ubisoft Studio
Avatar: Frontiers of Pandora™,Ubisoft Montpellier
Avatar: Frontiers of Pandora™,Ubisoft Shanghai
Avatar: Frontiers of Pandora™,Ubisoft Toronto
Avatar: Frontiers of Pandora™,Ubisoft Düsseldorf
Avatar: Frontiers of Pandora™,Ubisoft Reflections
Fish Idle 2: Underwater Mystery,Multicast
F1® Manager 2024,Frontier Developments
CloverPit,Panik Arcade
STAR WARS™ Battlefront™ II,n
STAR WARS™ Battlefront™ II,i
STAR WARS™ Battlefront™ II, 
STAR WARS™ Battlefront™ II,:
STAR WARS™ Battlefront™ II,/
UBOAT,Deep Water Studio
Zuma Deluxe,PopCap Games
Resident Evil 3,CAPCOM Co.
OyasumiVR,Raphiiko
Golf With Your Friends,Blacklight Interactive
Golf With Your Friends,Team17
OCTOPATH TRAVELER™,Square Enix
OCTOPATH TRAVELER™,ACQUIRE Corp.
SurrounDead,Zurvivor
Mahjong Soul,Catfood Studio
Mandate Order,Digital Sky
天使之戀Online：國際版,USERJOY Technology Co.
DCS World Steam Edition,Eagle Dynamics SA
Infection Free Zone,Jutsu Games
时光超市,怀旧游戏小东
Satisfactory Modeler,David Price
Stacklands,Sokpop Collective
MechWarrior 5: Mercenaries,Piranha Games Inc.
AFK Journey: Homestead,Farlight Games
FTL: Faster Than Light,Subset Games
Idle Cave Miner,Cold Hours
Onmyoji,NetEase Games
Magical Girl Witch Trials (魔法少女ノ魔女裁判),Acacia
Magical Girl Witch Trials (魔法少女ノ魔女裁判),Re
Gunfire Reborn,Gunfire Reborn Studio
Sniper Elite 4,Rebellion
Backrooms: Escape Together,Triiodide Studios
SaveSync: Co-op Save Sharing Made Easy,SaveSync
Trove,gamigo US Inc.
KINGDOM HEARTS III &#43; Re Mind (DLC),Square Enix
Stray,BlueTwelve Studio
Plants vs. Zombies™ Garden Warfare 2: Deluxe Edition,PopCap
Predecessor,Omeda Studios
PAYDAY 3,n
PAYDAY 3,i
PAYDAY 3, 
PAYDAY 3,:
PAYDAY 3,/
Catan Universe,Client/Frontend: Endava  / Backend: SuperNimbus
DREDGE,Black Salt Games
Burgie&#39;s cozy kitchen,HeyNau
The Perfect Tower II,Fire Sword Studios
Legend of Heroes: Three Kingdoms,Free Wing
Enter the Gungeon,Dodge Roll
City Car Driving,Forward Development
FragPunk,Bad Guitar Studio
Doki Doki Literature Club,Team Salvato
FINAL FANTASY XVI,n
FINAL FANTASY XVI,i
FINAL FANTASY XVI, 
FINAL FANTASY XVI,:
FINAL FANTASY XVI,/
Bills Must Be Paid,Rike Games
My Auto Clicker,Bajgar Industries
Construction Simulator,weltenbauer. Software Entwicklung GmbH
Whisper of the House,元气弹工作室(GD Studio)
Ori and the Will of the Wisps,Moon Studios GmbH
StarRupture,Creepy Jar
Blasphemous 2,The Game Kitchen
Sword of Convallaria,XD
Men of War: Assault Squad 2,Digitalmindsoft
Simple Sight - Crosshair Overlay,Focusd IO
Kingdom Rush 5: Alliance TD,Ironhide Game Studio
Phantasy Star Online 2 New Genesis,n
Phantasy Star Online 2 New Genesis,i
Phantasy Star Online 2 New Genesis, 
Phantasy Star Online 2 New Genesis,:
Phantasy Star Online 2 New Genesis,/
Stream Avatars,Travis Miller
Uncrashed : FPV Drone Simulator,Luminite
Contraband Police,Crazy Rocks
Liftoff,LuGus Studios
Back 4 Blood,n
Back 4 Blood,i
Back 4 Blood, 
Back 4 Blood,:
Back 4 Blood,/
NBA 2K24,Visual Concepts
STEINS;GATE RE:BOOT,MAGES. Inc.
Moonlight Peaks,Little Chicken
"Warhammer 40,000: Gladius - Relics of War",Proxy Studios
PRAGMATA,CAPCOM Co.
Dead Space,Motive
Stranded: Alien Dawn,Haemimont Games
Jurassic World Evolution 2,Frontier Developments
Out of the Park Baseball 27,Out of the Park Developments
Batman: Arkham City GOTY,Rocksteady Studios
Marvel&#39;s Midnight Suns,n
Marvel&#39;s Midnight Suns,i
Marvel&#39;s Midnight Suns, 
Marvel&#39;s Midnight Suns,:
Marvel&#39;s Midnight Suns,/
Titan Quest Anniversary Edition,Iron Lore Entertainment
Titan Quest Anniversary Edition,THQ Nordic
GWENT: The Witcher Card Game,CD PROJEKT RED
Eco,Strange Loop Games
DRAGON BALL GEKISHIN SQUADRA,GANBARION Co.
shapez 2,tobspr Games
Ark Re:Code,n
Ark Re:Code,i
Ark Re:Code, 
Ark Re:Code,:
Ark Re:Code,/
Just Cause™ 3,n
Just Cause™ 3,i
Just Cause™ 3, 
Just Cause™ 3,:
Just Cause™ 3,/
Low-Budget Repairs,Gray2RGB
MISERY,Platypus Entertainment
Passion Industry,n
Passion Industry,i
Passion Industry, 
Passion Industry,:
Passion Industry,/
Will To Live Online,AlphaSoft LLC
Ravenfield,SteelRaven7
Myth of Empires,n
Myth of Empires,i
Myth of Empires, 
Myth of Empires,:
Myth of Empires,/
FINAL FANTASY X/X-2 HD Remaster,n
FINAL FANTASY X/X-2 HD Remaster,i
FINAL FANTASY X/X-2 HD Remaster, 
FINAL FANTASY X/X-2 HD Remaster,:
FINAL FANTASY X/X-2 HD Remaster,/
Breathedge,RedRuins Softworks
PowerWash Simulator,FuturLab
Car Mechanic Simulator 2018,Red Dot Games
Idle Clans,Isam Games
RPG Maker MV,Gotcha Gotcha Games
RPG Maker MV,KADOKAWA
RPG Maker MV,Yoji Ojima
Age of Empires Mobile: PC Edition,TiMi Studio Group
Crush Crush,Sad Panda Studios
My Time at Sandrock,Pathea Games
Idle Wizard,TwoWizards
EA SPORTS™ FIFA 23,EA Canada
EA SPORTS™ FIFA 23,EA Romania
Sleeping Dogs: Definitive Edition,n
Sleeping Dogs: Definitive Edition,i
Sleeping Dogs: Definitive Edition, 
Sleeping Dogs: Definitive Edition,:
Sleeping Dogs: Definitive Edition,/
VEIN,Ramjet Studios
Space Engineers 2,Keen Software House
Legion TD 2,AutoAttack Games
Cossacks 3,GSC Game World
Ore Factory Squad ⛏,threeW
Hello Kitty Island Adventure,Sunblink
WWE 2K26,Visual Concepts
Train Simulator Classic,Dovetail Games
Divinity: Original Sin - Enhanced Edition,Larian Studios
Destiny of Immortal,LeiYun Games
Watch_Dogs,Ubisoft
LoveCraft,n
LoveCraft,i
LoveCraft, 
LoveCraft,:
LoveCraft,/
Sunkenland,Vector3 Studio
Marvel Contest of Champions,Kabam Games
Dispatch,AdHoc Studio
Age of Empires: Definitive Edition,World's Edge
Age of Empires: Definitive Edition,Forgotten Empires
Age of Empires: Definitive Edition,Tantalus
Doomsday: Last Survivors,IGG SINGAPORE PTE. LTD.
FIFA 22,EA Canada &amp; EA Romania
Auto Clicker,Playsaurus
Mad Max,n
Mad Max,i
Mad Max, 
Mad Max,:
Mad Max,/
SUPER ROBOT WARS Y,Bandai Namco Forge Digitals Inc.
Grand Theft Auto: San Andreas - The Definitive Edition,n
Grand Theft Auto: San Andreas - The Definitive Edition,i
Grand Theft Auto: San Andreas - The Definitive Edition, 
Grand Theft Auto: San Andreas - The Definitive Edition,:
Grand Theft Auto: San Andreas - The Definitive Edition,/
Strikers Club,Oddshot Games
Rome: Total War,CREATIVE ASSEMBLY
Synergism,Platonic
Synergism,Khafra
War Selection,Glyph Worlds
Incremental Epic Hero 2,Hapiwaku
Viking Rise,IGG SINGAPORE PTE. LTD.
Winning Post 10 2026,n
Winning Post 10 2026,i
Winning Post 10 2026, 
Winning Post 10 2026,:
Winning Post 10 2026,/
Judgment,n
Judgment,i
Judgment, 
Judgment,:
Judgment,/
Beasts of Bermuda,Sastrei Studios
Thief Simulator 2,CookieDev
Thief Simulator 2,Ultimate Games S.A.
Total War: PHARAOH DYNASTIES,n
Total War: PHARAOH DYNASTIES,i
Total War: PHARAOH DYNASTIES, 
Total War: PHARAOH DYNASTIES,:
Total War: PHARAOH DYNASTIES,/
PGA TOUR 2K25,HB Studios
Two Point Campus,Two Point Studios
Clone Drone in the Danger Zone,Doborog Games
Empyrion - Galactic Survival,Eleon Game Studios
Bitburner,Fulcrum Games
Bitburner,Hydroflame
Bitburner,over 250 github contributors
Dragonheir: Silent Gods,SGRA Studio
No More Room in Hell,No More Room in Hell Team
Command &amp; Conquer™ Remastered Collection,n
Command &amp; Conquer™ Remastered Collection,i
Command &amp; Conquer™ Remastered Collection, 
Command &amp; Conquer™ Remastered Collection,:
Command &amp; Conquer™ Remastered Collection,/
eFootball PES 2021 SEASON UPDATE,Konami Digital Entertainment
Songs of Syx,Gamatron AB
Pathfinder: Kingmaker,Owlcat Games
NieR:Automata™,n
NieR:Automata™,i
NieR:Automata™, 
NieR:Automata™,:
NieR:Automata™,/
ROMANCE OF THE THREE KINGDOMS 8 REMAKE,KOEI TECMO GAMES CO.
Half-Life,Valve
Borderless Gaming,AndrewMD5
OPERATOR,VECTOR INTERACTIVE PTY LTD
Caliber,FOR-GAMES CR LTD
Assassin&#39;s Creed® Unity,Ubisoft
Supreme Commander: Forged Alliance,Gas Powered Games
Nine Sols,RedCandleGames
Tom Clancy’s The Division® 2,n
Tom Clancy’s The Division® 2,i
Tom Clancy’s The Division® 2, 
Tom Clancy’s The Division® 2,:
Tom Clancy’s The Division® 2,/
RoadCraft,Saber Interactive
March of Empires,Gameloft
DRAGON QUEST® XI S: Echoes of an Elusive Age™ - Definitive Edition,Square Enix
Uncharted Waters Origin,KOEI TECMO GAMES CO.
Uncharted Waters Origin,LINE Games Corporation
Uncharted Waters Origin,Motif Co.
Transformice,Atelier 801
VHOLUME,Nathan Grange
VHOLUME,Léonard Lemaitre
VHOLUME,Niels Tiercelin
The Sims™ 2 Legacy Collection,MAXIS
Mr.Mine,Playsaurus
Neverwinter,Cryptic Studios
Thronefall,GrizzlyGames
Thronefall,Mythwright
桌面精灵,Duoyi Games
Leaf Blower Revolution - Idle Game,Humble North
Resident Evil 5,n
Resident Evil 5,i
Resident Evil 5, 
Resident Evil 5,:
Resident Evil 5,/
The Quinfall,Vawraek Technology Inc.
DRAGON BALL: Sparking! ZERO,Spike Chunsoft Co.
Far Far West,Evil Raptor
Starbound,Chucklefish
DRAGON BALL XENOVERSE 2,QLOC
DRAGON BALL XENOVERSE 2,Dimps Corporation
Pro Cycling Manager 26,Cyanide Studio
Stronghold Crusader HD,Firefly Studios
The Witcher: Enhanced Edition,n
The Witcher: Enhanced Edition,i
The Witcher: Enhanced Edition, 
The Witcher: Enhanced Edition,:
The Witcher: Enhanced Edition,/
Climber Animals: Together,Devotion Interactive
Plants vs. Zombies™: Replanted,PopCap Games
Plants vs. Zombies™: Replanted,The Lost Pixels
Gothic II: Gold Classic,Piranha Bytes
Danganronpa 2: Goodbye Despair,Spike Chunsoft Co.
Danganronpa 2: Goodbye Despair,Abstraction Games
DiRT Rally 2.0,Codemasters
Real Pool 3D - Poolians,Poolians.com
Yakuza 0 Director&#39;s Cut,n
Yakuza 0 Director&#39;s Cut,i
Yakuza 0 Director&#39;s Cut, 
Yakuza 0 Director&#39;s Cut,:
Yakuza 0 Director&#39;s Cut,/
Everlusting Life,n
Everlusting Life,i
Everlusting Life, 
Everlusting Life,:
Everlusting Life,/
XCOM: Enemy Unknown,n
XCOM: Enemy Unknown,i
XCOM: Enemy Unknown, 
XCOM: Enemy Unknown,:
XCOM: Enemy Unknown,/
Age of History 3,Łukasz Jakowski
历史模拟器：崇祯,n
历史模拟器：崇祯,i
历史模拟器：崇祯, 
历史模拟器：崇祯,:
历史模拟器：崇祯,/
Pax Dei,Mainframe Industries
GunZ: The Duel,Masangsoft
DOOM,n
DOOM,i
DOOM, 
DOOM,:
DOOM,/
Halo Infinite,343 Industries
UBERMOSH,Walter Machado
Everything is Crab: The Animal Evolution Roguelite,Odd Dreams Digital
Wayfinder,Airship Syndicate
Dream Eaters.exe Demo,Tejin
Wild Terra 2: New Lands,Juvty Worlds
Dwarf Fortress,Bay 12 Games
Super Animal Royale,Pixile
Paladins,Evil Mojo Games
ASTLIBRA Revision,KEIZO
Atelier Resleriana,n
Atelier Resleriana,i
Atelier Resleriana, 
Atelier Resleriana,:
Atelier Resleriana,/
The Roottrees are Dead,Evil Trout Inc.
Ages of Conflict: World War Simulator,JoySpark Games
Motor Town: Behind The Wheel,P3 Games
Tiny Pasture,CaveLiquid
Automobilista 2,Reiza Studios
Governor of Poker 3,Playtika Ltd.
Car Dealer Simulator,Garage Monkeys
Feed the Scorchpot,Moravian
FEED THE AI,Weird Kid Games
灵境奇谈,GKD GAME
Battlefield 4™,n
Battlefield 4™,i
Battlefield 4™, 
Battlefield 4™,:
Battlefield 4™,/
Trimps,Greensatellite
Ropuka&#39;s Idle Island,Moczan
Ropuka&#39;s Idle Island,Little Chmura
Ropuka&#39;s Idle Island,Begoña Pereda
三国群英传2,USERJOY Technology Co.
Super Bunny Man,Catobyte
3DMark,n
3DMark,i
3DMark, 
3DMark,:
3DMark,/
Far Cry® 3,Ubisoft Montreal
RaceRoom Racing Experience,KW Studios
SpaceCraft,Shiro Games
Skul: The Hero Slayer,SOUTHPAW GAMES
ACE COMBAT™7: SKIES UNKNOWN,Bandai Namco Studios Inc.
VRCFaceTracking,benaclejames
Idle Iktah,Grounded Games
Command &amp; Conquer™ Red Alert™ 3,EA Los Angeles
Dragon Cliff 龙崖,Meta Interaction
Your Only Move Is HUSTLE,Ivy Sly
STAR WARS Jedi: Fallen Order™,Respawn Entertainment
麻雀一番街,n
麻雀一番街,i
麻雀一番街, 
麻雀一番街,:
麻雀一番街,/
Ficket: 追剧引擎,一个小目标工作室
Panzer Corps 2,Flashback Games
Driver Booster for Steam,IObit
