ime,zanr
Counter-Strike 2,Action
Counter-Strike 2,Free To Play
Dota 2,Action
Dota 2,Strategy
Dota 2,Free To Play
PUBG: BATTLEGROUNDS,n
PUBG: BATTLEGROUNDS,i
PUBG: BATTLEGROUNDS, 
PUBG: BATTLEGROUNDS,:
PUBG: BATTLEGROUNDS,/
How to Fish,Action
How to Fish,Casual
How to Fish,Indie
How to Fish,Simulation
Bongo Cat,Casual
Bongo Cat,Indie
Bongo Cat,Massively Multiplayer
Bongo Cat,Simulation
Bongo Cat,Free To Play
Apex Legends™,Action
Apex Legends™,Adventure
Apex Legends™,Free To Play
Palworld,Action
Palworld,Adventure
Palworld,Indie
Palworld,RPG
Wallpaper Engine,Casual
Wallpaper Engine,Indie
Wallpaper Engine,Animation & Modeling
Wallpaper Engine,Design & Illustration
Wallpaper Engine,Photo Editing
Wallpaper Engine,Utilities
TBH: Task Bar Hero,Casual
TBH: Task Bar Hero,Indie
TBH: Task Bar Hero,RPG
TBH: Task Bar Hero,Free To Play
Rust,Action
Rust,Adventure
Rust,Indie
Rust,Massively Multiplayer
Rust,RPG
FiveM,n
FiveM,i
FiveM, 
FiveM,:
FiveM,/
Delta Force,Action
Delta Force,Adventure
Delta Force,Massively Multiplayer
Delta Force,Free To Play
The Binding of Isaac: Rebirth,Action
War Thunder,Action
War Thunder,Massively Multiplayer
War Thunder,Simulation
War Thunder,Free To Play
Grand Theft Auto V Legacy,n
Grand Theft Auto V Legacy,i
Grand Theft Auto V Legacy, 
Grand Theft Auto V Legacy,:
Grand Theft Auto V Legacy,/
Stardew Valley,Indie
Stardew Valley,RPG
Stardew Valley,Simulation
Slay the Spire 2,Indie
Slay the Spire 2,Strategy
Slay the Spire 2,Early Access
Grand Theft Auto V Enhanced,n
Grand Theft Auto V Enhanced,i
Grand Theft Auto V Enhanced, 
Grand Theft Auto V Enhanced,:
Grand Theft Auto V Enhanced,/
Team Fortress 2,Action
Team Fortress 2,Free To Play
Project Zomboid,Indie
Project Zomboid,RPG
Project Zomboid,Simulation
Project Zomboid,Early Access
EA SPORTS FC™ 26,Simulation
EA SPORTS FC™ 26,Sports
Terraria,Action
Terraria,Adventure
Terraria,Indie
Terraria,RPG
Dead by Daylight,n
Dead by Daylight,i
Dead by Daylight, 
Dead by Daylight,:
Dead by Daylight,/
Warframe,n
Warframe,i
Warframe, 
Warframe,:
Warframe,/
Spacewar,n
Spacewar,i
Spacewar, 
Spacewar,:
Spacewar,/
Limbus Company,Free To Play
Hearts of Iron IV,Simulation
Hearts of Iron IV,Strategy
HELLDIVERS™ 2,n
HELLDIVERS™ 2,i
HELLDIVERS™ 2, 
HELLDIVERS™ 2,:
HELLDIVERS™ 2,/
NARAKA: BLADEPOINT,Action
NARAKA: BLADEPOINT,Adventure
NARAKA: BLADEPOINT,Massively Multiplayer
NARAKA: BLADEPOINT,Free To Play
Marvel Rivals,Action
Marvel Rivals,Free To Play
Overwatch®,Action
Overwatch®,Free To Play
Tom Clancy&#39;s Rainbow Six Siege,Action
Tom Clancy&#39;s Rainbow Six Siege,Free To Play
Geometry Dash,Action
Geometry Dash,Indie
Football Manager 26,Simulation
Football Manager 26,Sports
Football Manager 26,Strategy
Shadowverse: Worlds Beyond,Casual
Shadowverse: Worlds Beyond,RPG
Shadowverse: Worlds Beyond,Strategy
Shadowverse: Worlds Beyond,Free To Play
VRChat,Adventure
VRChat,Casual
VRChat,Massively Multiplayer
VRChat,Simulation
VRChat,Sports
VRChat,Free To Play
VRChat,Early Access
Cyberpunk 2077,n
Cyberpunk 2077,i
Cyberpunk 2077, 
Cyberpunk 2077,:
Cyberpunk 2077,/
Don&#39;t Starve Together,Action
Don&#39;t Starve Together,Adventure
Don&#39;t Starve Together,Indie
Don&#39;t Starve Together,RPG
Don&#39;t Starve Together,Simulation
Don&#39;t Starve Together,Strategy
Baldur&#39;s Gate 3,n
Baldur&#39;s Gate 3,i
Baldur&#39;s Gate 3, 
Baldur&#39;s Gate 3,:
Baldur&#39;s Gate 3,/
PAYDAY 2,n
PAYDAY 2,i
PAYDAY 2, 
PAYDAY 2,:
PAYDAY 2,/
Euro Truck Simulator 2,Indie
Euro Truck Simulator 2,Simulation
Mount &amp; Blade II: Bannerlord,Action
Mount &amp; Blade II: Bannerlord,Indie
Mount &amp; Blade II: Bannerlord,RPG
Mount &amp; Blade II: Bannerlord,Simulation
Mount &amp; Blade II: Bannerlord,Strategy
Black Myth: Wukong,n
Black Myth: Wukong,i
Black Myth: Wukong, 
Black Myth: Wukong,:
Black Myth: Wukong,/
Crosshair X,Action
Crosshair X,Adventure
Crosshair X,Indie
Crosshair X,Software Training
Crosshair X,Utilities
Sid Meier&#39;s Civilization VI,Strategy
Escape from Tarkov,Action
Escape from Tarkov,Massively Multiplayer
Escape from Tarkov,RPG
Escape from Tarkov,Simulation
Red Dead Redemption 2,Action
Red Dead Redemption 2,Adventure
DayZ,n
DayZ,i
DayZ, 
DayZ,:
DayZ,/
Total War: WARHAMMER III,Action
Total War: WARHAMMER III,Strategy
tModLoader,Action
tModLoader,Adventure
tModLoader,Indie
tModLoader,RPG
tModLoader,Free To Play
Battlefield™ 6,n
Battlefield™ 6,i
Battlefield™ 6, 
Battlefield™ 6,:
Battlefield™ 6,/
RimWorld,Indie
RimWorld,Simulation
RimWorld,Strategy
OBS Studio,Utilities
OBS Studio,Video Production
PEAK,Action
PEAK,Adventure
PEAK,Indie
Farming Simulator 25,Simulation
Garry&#39;s Mod,Casual
Garry&#39;s Mod,Indie
Garry&#39;s Mod,Simulation
Street Fighter™ 6,Action
Street Fighter™ 6,Adventure
7 Days to Die,Action
7 Days to Die,Adventure
7 Days to Die,Indie
7 Days to Die,RPG
7 Days to Die,Simulation
7 Days to Die,Strategy
ARK: Survival Ascended,Action
ARK: Survival Ascended,Adventure
ARK: Survival Ascended,Indie
ARK: Survival Ascended,Massively Multiplayer
ARK: Survival Ascended,RPG
ARK: Survival Ascended,Early Access
Arena Breakout: Infinite,Action
Arena Breakout: Infinite,Adventure
Arena Breakout: Infinite,Massively Multiplayer
Arena Breakout: Infinite,RPG
Arena Breakout: Infinite,Strategy
Arena Breakout: Infinite,Free To Play
ELDEN RING,n
ELDEN RING,i
ELDEN RING, 
ELDEN RING,:
ELDEN RING,/
Russian Fishing 4,Adventure
Russian Fishing 4,Casual
Russian Fishing 4,Massively Multiplayer
Russian Fishing 4,RPG
Russian Fishing 4,Simulation
Russian Fishing 4,Sports
Russian Fishing 4,Free To Play
S.T.A.L.K.E.R. 2: Heart of Chornobyl,n
S.T.A.L.K.E.R. 2: Heart of Chornobyl,i
S.T.A.L.K.E.R. 2: Heart of Chornobyl, 
S.T.A.L.K.E.R. 2: Heart of Chornobyl,:
S.T.A.L.K.E.R. 2: Heart of Chornobyl,/
The Sims™ 4,Adventure
The Sims™ 4,Casual
The Sims™ 4,Simulation
The Sims™ 4,Free To Play
eFootball™,Simulation
eFootball™,Sports
eFootball™,Free To Play
Crusader Kings III,RPG
Crusader Kings III,Simulation
Crusader Kings III,Strategy
BeamNG.drive,Racing
BeamNG.drive,Simulation
BeamNG.drive,Early Access
Path of Exile,Action
Path of Exile,Adventure
Path of Exile,Indie
Path of Exile,Massively Multiplayer
Path of Exile,RPG
Path of Exile,Free To Play
Forza Horizon 6,Racing
Forza Horizon 6,Simulation
Forza Horizon 6,Sports
ARK: Survival Evolved,Action
ARK: Survival Evolved,Adventure
ARK: Survival Evolved,Indie
ARK: Survival Evolved,Massively Multiplayer
ARK: Survival Evolved,RPG
NBA 2K26,Sports
The Elder Scrolls V: Skyrim Special Edition,n
The Elder Scrolls V: Skyrim Special Edition,i
The Elder Scrolls V: Skyrim Special Edition, 
The Elder Scrolls V: Skyrim Special Edition,:
The Elder Scrolls V: Skyrim Special Edition,/
The Isle,Action
The Isle,Adventure
The Isle,Indie
The Isle,Massively Multiplayer
The Isle,Simulation
The Isle,Early Access
Call of Duty®,n
Call of Duty®,i
Call of Duty®, 
Call of Duty®,:
Call of Duty®,/
The Witcher 3: Wild Hunt,n
The Witcher 3: Wild Hunt,i
The Witcher 3: Wild Hunt, 
The Witcher 3: Wild Hunt,:
The Witcher 3: Wild Hunt,/
Once Human,Action
Once Human,Adventure
Once Human,Casual
Once Human,Massively Multiplayer
Once Human,Racing
Once Human,RPG
Once Human,Simulation
Once Human,Strategy
Once Human,Free To Play
Eternal Return,n
Eternal Return,i
Eternal Return, 
Eternal Return,:
Eternal Return,/
ELDEN RING NIGHTREIGN,Action
ELDEN RING NIGHTREIGN,RPG
Unturned,Action
Unturned,Adventure
Unturned,Casual
Unturned,Indie
Unturned,Free To Play
Mortal Shell II,n
Mortal Shell II,i
Mortal Shell II, 
Mortal Shell II,:
Mortal Shell II,/
Crimson Desert,n
Crimson Desert,i
Crimson Desert, 
Crimson Desert,:
Crimson Desert,/
Football Manager 2024,Simulation
Football Manager 2024,Sports
Football Manager 2024,Strategy
Yu-Gi-Oh! Master Duel,Simulation
Yu-Gi-Oh! Master Duel,Strategy
Yu-Gi-Oh! Master Duel,Free To Play
Left 4 Dead 2,Action
IdleOn - The Idle RPG,Adventure
IdleOn - The Idle RPG,Casual
IdleOn - The Idle RPG,Indie
IdleOn - The Idle RPG,Massively Multiplayer
IdleOn - The Idle RPG,RPG
IdleOn - The Idle RPG,Simulation
IdleOn - The Idle RPG,Strategy
IdleOn - The Idle RPG,Free To Play
Kingdom Come: Deliverance II,n
Kingdom Come: Deliverance II,i
Kingdom Come: Deliverance II, 
Kingdom Come: Deliverance II,:
Kingdom Come: Deliverance II,/
Blender,Animation & Modeling
Blender,Design & Illustration
Blender,Video Production
ARC Raiders,Action
Factorio,Casual
Factorio,Indie
Factorio,Simulation
Factorio,Strategy
Monster Hunter: World,Action
Soundpad,Audio Production
Soundpad,Utilities
STALCRAFT: X,Action
STALCRAFT: X,Massively Multiplayer
STALCRAFT: X,RPG
STALCRAFT: X,Free To Play
Hunt: Showdown 1896,n
Hunt: Showdown 1896,i
Hunt: Showdown 1896, 
Hunt: Showdown 1896,:
Hunt: Showdown 1896,/
Age of Empires II: Definitive Edition,Strategy
VTube Studio,Indie
VTube Studio,Animation & Modeling
VTube Studio,Video Production
Path of Exile 2,Action
Path of Exile 2,Adventure
Path of Exile 2,Massively Multiplayer
Path of Exile 2,RPG
Path of Exile 2,Early Access
MIR4,Action
MIR4,Adventure
MIR4,Massively Multiplayer
MIR4,RPG
MIR4,Free To Play
FINAL FANTASY XIV Online,n
FINAL FANTASY XIV Online,i
FINAL FANTASY XIV Online, 
FINAL FANTASY XIV Online,:
FINAL FANTASY XIV Online,/
Monster Hunter Wilds,Action
Monster Hunter Wilds,Adventure
Monster Hunter Wilds,RPG
Where Winds Meet,Action
Where Winds Meet,Adventure
Where Winds Meet,Casual
Where Winds Meet,Indie
Where Winds Meet,Massively Multiplayer
Where Winds Meet,Racing
Where Winds Meet,RPG
Where Winds Meet,Simulation
Where Winds Meet,Strategy
Where Winds Meet,Free To Play
Destiny 2,Action
Destiny 2,Adventure
Destiny 2,Free To Play
Squad,Action
Squad,Indie
Squad,Massively Multiplayer
Squad,Strategy
R.E.P.O.,Action
R.E.P.O.,Early Access
Hero Siege,Action
Hero Siege,Adventure
Hero Siege,Indie
Hero Siege,Massively Multiplayer
Hero Siege,RPG
Wuthering Waves,Action
Wuthering Waves,Adventure
Wuthering Waves,RPG
Wuthering Waves,Free To Play
Satisfactory,Adventure
Satisfactory,Indie
Satisfactory,Simulation
Satisfactory,Strategy
SpiritVale,Action
SpiritVale,Indie
SpiritVale,Massively Multiplayer
SpiritVale,RPG
SpiritVale,Early Access
DAVE THE DIVER,Adventure
DAVE THE DIVER,Casual
DAVE THE DIVER,RPG
DAVE THE DIVER,Simulation
YoloMouse - Cursor Changer,Action
YoloMouse - Cursor Changer,Indie
YoloMouse - Cursor Changer,Free To Play
YoloMouse - Cursor Changer,Animation & Modeling
YoloMouse - Cursor Changer,Design & Illustration
YoloMouse - Cursor Changer,Education
YoloMouse - Cursor Changer,Photo Editing
YoloMouse - Cursor Changer,Software Training
YoloMouse - Cursor Changer,Utilities
YoloMouse - Cursor Changer,Game Development
Black Desert,Action
Black Desert,Adventure
Black Desert,Massively Multiplayer
Black Desert,RPG
Black Desert,Strategy
雀魂麻将(MahjongSoul),n
雀魂麻将(MahjongSoul),i
雀魂麻将(MahjongSoul), 
雀魂麻将(MahjongSoul),:
雀魂麻将(MahjongSoul),/
Sid Meier&#39;s Civilization V,Strategy
Forza Horizon 5,Action
Forza Horizon 5,Adventure
Forza Horizon 5,Racing
Forza Horizon 5,Simulation
Forza Horizon 5,Sports
Valheim,Action
Valheim,Adventure
Valheim,Indie
Valheim,RPG
Valheim,Early Access
World of Warships,Action
World of Warships,Massively Multiplayer
World of Warships,Simulation
World of Warships,Strategy
World of Warships,Free To Play
Call of Duty®: Modern Warfare® III,n
Call of Duty®: Modern Warfare® III,i
Call of Duty®: Modern Warfare® III, 
Call of Duty®: Modern Warfare® III,:
Call of Duty®: Modern Warfare® III,/
Stellaris,Simulation
Stellaris,Strategy
Cities: Skylines,Simulation
Cities: Skylines,Strategy
Heartopia,Casual
Heartopia,Simulation
Heartopia,Free To Play
Rocket League,Action
Rocket League,Indie
Rocket League,Racing
Rocket League,Sports
BidKing:竞拍之王,Casual
BidKing:竞拍之王,Indie
BidKing:竞拍之王,Massively Multiplayer
BidKing:竞拍之王,Simulation
BidKing:竞拍之王,Sports
BidKing:竞拍之王,Strategy
Cities: Skylines II,Simulation
Fields of Mistria,Indie
Fields of Mistria,RPG
Fields of Mistria,Simulation
Europa Universalis IV,Simulation
Europa Universalis IV,Strategy
"Warhammer 40,000: Space Marine 2",n
"Warhammer 40,000: Space Marine 2",i
"Warhammer 40,000: Space Marine 2", 
"Warhammer 40,000: Space Marine 2",:
"Warhammer 40,000: Space Marine 2",/
Sephiria,Action
Sephiria,Adventure
Sephiria,Indie
Sephiria,RPG
SCUM,Action
SCUM,Adventure
SCUM,Indie
SCUM,Massively Multiplayer
Revolution Idle,Casual
Revolution Idle,Indie
Revolution Idle,Simulation
Revolution Idle,Free To Play
Artifact Classic,Strategy
Survival Log,Adventure
Survival Log,RPG
Survival Log,Simulation
Survival Log,Strategy
Oxygen Not Included,Indie
Oxygen Not Included,Simulation
The First Descendant,Action
The First Descendant,Adventure
The First Descendant,RPG
The First Descendant,Free To Play
Persona 5 Royal,RPG
Brotato,Action
Brotato,Casual
Brotato,Indie
Brotato,RPG
Age of Empires IV: Anniversary Edition,Strategy
Mistfall Hunter,Action
Mistfall Hunter,Adventure
VPet,Casual
VPet,Indie
VPet,RPG
VPet,Simulation
VPet,Free To Play
Fallout 4,n
Fallout 4,i
Fallout 4, 
Fallout 4,:
Fallout 4,/
Darkest Dungeon®,Indie
Darkest Dungeon®,RPG
Darkest Dungeon®,Strategy
Cookie Clicker,Casual
Cookie Clicker,Indie
Cookie Clicker,Simulation
Cookie Clicker,Strategy
Arma Reforger,n
Arma Reforger,i
Arma Reforger, 
Arma Reforger,:
Arma Reforger,/
THE FINALS,Action
THE FINALS,Free To Play
Assetto Corsa,Indie
Assetto Corsa,Racing
Assetto Corsa,Simulation
Assetto Corsa,Sports
Counter-Strike,Action
Hollow Knight: Silksong,Action
Hollow Knight: Silksong,Adventure
Hollow Knight: Silksong,Indie
MapleStory,Action
MapleStory,Adventure
MapleStory,Casual
MapleStory,Massively Multiplayer
MapleStory,RPG
MapleStory,Free To Play
The Elder Scrolls® Online,n
The Elder Scrolls® Online,i
The Elder Scrolls® Online, 
The Elder Scrolls® Online,:
The Elder Scrolls® Online,/
SCP: Secret Laboratory,Action
SCP: Secret Laboratory,Casual
SCP: Secret Laboratory,Indie
SCP: Secret Laboratory,RPG
SCP: Secret Laboratory,Free To Play
Slay the Spire,Indie
Slay the Spire,Strategy
Resident Evil 4,n
Resident Evil 4,i
Resident Evil 4, 
Resident Evil 4,:
Resident Evil 4,/
Hollow Knight,Action
Hollow Knight,Adventure
Hollow Knight,Indie
Magic: The Gathering Arena,Strategy
Magic: The Gathering Arena,Free To Play
ウマ娘 プリティーダービー,n
ウマ娘 プリティーダービー,i
ウマ娘 プリティーダービー, 
ウマ娘 プリティーダービー,:
ウマ娘 プリティーダービー,/
Brawlhalla,Action
Brawlhalla,Indie
Brawlhalla,Free To Play
No Man&#39;s Sky,Action
No Man&#39;s Sky,Adventure
Grim Dawn,Action
Grim Dawn,Adventure
Grim Dawn,Indie
Grim Dawn,RPG
Supermarket Together,Casual
Supermarket Together,Indie
Supermarket Together,Simulation
Supermarket Together,Free To Play
World of Tanks,Action
World of Tanks,Massively Multiplayer
World of Tanks,Simulation
World of Tanks,Free To Play
Scrap Mechanic,Action
Scrap Mechanic,Adventure
Scrap Mechanic,Indie
Scrap Mechanic,Simulation
Bloons TD 6,Strategy
It Takes Two,Action
It Takes Two,Adventure
Albion Online,Massively Multiplayer
Albion Online,RPG
Albion Online,Free To Play
Among Us,Casual
Raft,Adventure
Raft,Indie
Raft,Simulation
Cell to Singularity - Evolution Never Ends,Casual
Cell to Singularity - Evolution Never Ends,Simulation
Cell to Singularity - Evolution Never Ends,Free To Play
Phasmophobia,Action
Phasmophobia,Indie
Phasmophobia,Early Access
Assassin&#39;s Creed Odyssey,Action
Assassin&#39;s Creed Odyssey,Adventure
Assassin&#39;s Creed Odyssey,RPG
Europa Universalis V,Strategy
Umamusume: Pretty Derby,Simulation
Umamusume: Pretty Derby,Sports
Umamusume: Pretty Derby,Free To Play
Dark and Darker,n
Dark and Darker,i
Dark and Darker, 
Dark and Darker,:
Dark and Darker,/
Summoners War,RPG
Summoners War,Strategy
Summoners War,Free To Play
Battlefield™ 1,n
Battlefield™ 1,i
Battlefield™ 1, 
Battlefield™ 1,:
Battlefield™ 1,/
Balatro,Casual
Balatro,Indie
Balatro,Strategy
Tom Clancy&#39;s Ghost Recon® Wildlands,Action
Tom Clancy&#39;s Ghost Recon® Wildlands,Adventure
Aimlabs,Action
Aimlabs,Adventure
Aimlabs,Casual
Aimlabs,Indie
Aimlabs,Simulation
Aimlabs,Free To Play
TEKKEN 8,Action
Sandustry,Simulation
Sandustry,Strategy
Sandustry,Early Access
Sid Meier&#39;s Civilization® VII,Simulation
Sid Meier&#39;s Civilization® VII,Strategy
Lossless Scaling,Utilities
Escape the Backrooms,Action
Escape the Backrooms,Indie
Ready or Not,Action
Ready or Not,Adventure
Ready or Not,Indie
Granblue Fantasy: Relink,Action
Granblue Fantasy: Relink,Adventure
Granblue Fantasy: Relink,RPG
KARDS - The WW2 Card Game,Casual
KARDS - The WW2 Card Game,Indie
KARDS - The WW2 Card Game,Strategy
KARDS - The WW2 Card Game,Free To Play
Palia,Adventure
Palia,Casual
Palia,Indie
Palia,RPG
Palia,Simulation
Palia,Free To Play
Grounded 2,Action
Grounded 2,Adventure
Grounded 2,Early Access
MONSTER HUNTER RISE,Action
Crosshair V2,Utilities
Victoria 3,Simulation
Victoria 3,Strategy
Schedule I,Action
Schedule I,Indie
Schedule I,Simulation
Schedule I,Strategy
Schedule I,Early Access
The Bazaar,Strategy
Sekiro™: Shadows Die Twice - GOTY Edition,n
Sekiro™: Shadows Die Twice - GOTY Edition,i
Sekiro™: Shadows Die Twice - GOTY Edition, 
Sekiro™: Shadows Die Twice - GOTY Edition,:
Sekiro™: Shadows Die Twice - GOTY Edition,/
Aseprite,Animation & Modeling
Aseprite,Design & Illustration
Aseprite,Game Development
Soul&#39;s Remnant,Adventure
Soul&#39;s Remnant,Casual
Soul&#39;s Remnant,Indie
Soul&#39;s Remnant,Massively Multiplayer
Soul&#39;s Remnant,RPG
Soul&#39;s Remnant,Free To Play
Soul&#39;s Remnant,Early Access
Off The Grid,Action
Off The Grid,Massively Multiplayer
Off The Grid,Free To Play
Marvel’s Spider-Man Remastered,Action
Marvel’s Spider-Man Remastered,Adventure
Marvel’s Spider-Man Remastered,Casual
SAND: Raiders of Sophie,Action
SAND: Raiders of Sophie,Adventure
SAND: Raiders of Sophie,Early Access
Yet Another Zombie Survivors,n
Yet Another Zombie Survivors,i
Yet Another Zombie Survivors, 
Yet Another Zombie Survivors,:
Yet Another Zombie Survivors,/
Farming Simulator 22,Simulation
Palworld Dedicated Server,n
Palworld Dedicated Server,i
Palworld Dedicated Server, 
Palworld Dedicated Server,:
Palworld Dedicated Server,/
Marvel&#39;s Spider-Man 2,Action
Marvel&#39;s Spider-Man 2,Adventure
World of Tanks Blitz,Action
World of Tanks Blitz,Massively Multiplayer
World of Tanks Blitz,Simulation
World of Tanks Blitz,Strategy
World of Tanks Blitz,Free To Play
STCC - The Game Demo Dedicated Server,n
STCC - The Game Demo Dedicated Server,i
STCC - The Game Demo Dedicated Server, 
STCC - The Game Demo Dedicated Server,:
STCC - The Game Demo Dedicated Server,/
Persona 3 Reload,Adventure
Persona 3 Reload,RPG
Persona 3 Reload,Strategy
The Seven Deadly Sins: Origin,Action
The Seven Deadly Sins: Origin,Adventure
The Seven Deadly Sins: Origin,Massively Multiplayer
The Seven Deadly Sins: Origin,RPG
The Seven Deadly Sins: Origin,Simulation
The Seven Deadly Sins: Origin,Free To Play
Arma 3,Action
Arma 3,Simulation
Arma 3,Strategy
Green Hell,Action
Green Hell,Adventure
Green Hell,Indie
Green Hell,Simulation
Microsoft Flight Simulator 2024,Simulation
Conan Exiles,Action
Conan Exiles,Adventure
Conan Exiles,Massively Multiplayer
Conan Exiles,RPG
Conan Exiles,Simulation
Conan Exiles,Strategy
"Warhammer 40,000: Darktide",Action
"Warhammer 40,000: Darktide",Adventure
"Warhammer 40,000: Darktide",RPG
Sons Of The Forest,Action
Sons Of The Forest,Adventure
Sons Of The Forest,Indie
Sons Of The Forest,Simulation
Big Walk,Adventure
Blue Archive,Adventure
Blue Archive,Casual
Blue Archive,RPG
Blue Archive,Strategy
Blue Archive,Free To Play
Total War: THREE KINGDOMS,Action
Total War: THREE KINGDOMS,Strategy
Throne and Liberty,n
Throne and Liberty,i
Throne and Liberty, 
Throne and Liberty,:
Throne and Liberty,/
Battlefield™ V,Action
Melvor Idle,Adventure
Melvor Idle,Casual
Melvor Idle,Indie
Melvor Idle,RPG
Source SDK Base 2013 Multiplayer,n
Source SDK Base 2013 Multiplayer,i
Source SDK Base 2013 Multiplayer, 
Source SDK Base 2013 Multiplayer,:
Source SDK Base 2013 Multiplayer,/
Enshrouded,Action
Enshrouded,Adventure
Enshrouded,Indie
Enshrouded,RPG
Enshrouded,Early Access
小黑盒加速器,Software Training
小黑盒加速器,Web Publishing
小黑盒加速器,Game Development
Risk of Rain 2,Action
Risk of Rain 2,Indie
Play Together,n
Play Together,i
Play Together, 
Play Together,:
Play Together,/
No More Room in Hell 2,Action
No More Room in Hell 2,Indie
Kenshi,Action
Kenshi,Indie
Kenshi,RPG
Kenshi,Simulation
Kenshi,Strategy
Fishing Planet,Massively Multiplayer
Fishing Planet,Simulation
Fishing Planet,Sports
Fishing Planet,Free To Play
Nioh 3,n
Nioh 3,i
Nioh 3, 
Nioh 3,:
Nioh 3,/
Wandering Sword,Adventure
Wandering Sword,Indie
Wandering Sword,RPG
Wandering Sword,Strategy
Manor Lords,Simulation
Manor Lords,Strategy
Manor Lords,Early Access
Tom Clancy&#39;s Ghost Recon® Breakpoint,n
Tom Clancy&#39;s Ghost Recon® Breakpoint,i
Tom Clancy&#39;s Ghost Recon® Breakpoint, 
Tom Clancy&#39;s Ghost Recon® Breakpoint,:
Tom Clancy&#39;s Ghost Recon® Breakpoint,/
F1® 25,Racing
F1® 25,Sports
鬼谷八荒 Tale of Immortal,Action
鬼谷八荒 Tale of Immortal,Adventure
鬼谷八荒 Tale of Immortal,Indie
鬼谷八荒 Tale of Immortal,RPG
鬼谷八荒 Tale of Immortal,Simulation
Heroes of Might and Magic: Olden Era,RPG
Heroes of Might and Magic: Olden Era,Strategy
Heroes of Might and Magic: Olden Era,Early Access
Total War: ROME II - Emperor Edition,Strategy
Desktop Mate,Free To Play
Desktop Mate,Animation & Modeling
Desktop Mate,Utilities
Company of Heroes 3,n
Company of Heroes 3,i
Company of Heroes 3, 
Company of Heroes 3,:
Company of Heroes 3,/
Diablo II: Resurrected – Infernal Edition,Action
Diablo II: Resurrected – Infernal Edition,RPG
Diablo II: Resurrected – Infernal Edition,Strategy
Split Fiction,Action
Split Fiction,Adventure
American Truck Simulator,Indie
American Truck Simulator,Simulation
Party Animals,Action
Party Animals,Casual
Party Animals,Indie
Path of Idle: Old Gods Rising,Adventure
Path of Idle: Old Gods Rising,Casual
Path of Idle: Old Gods Rising,Indie
Path of Idle: Old Gods Rising,RPG
Path of Idle: Old Gods Rising,Strategy
ICARUS,Action
ICARUS,Adventure
ICARUS,Simulation
Sky: Children of the Light,Adventure
Sky: Children of the Light,Casual
Sky: Children of the Light,Indie
Sky: Children of the Light,Massively Multiplayer
Sky: Children of the Light,RPG
Sky: Children of the Light,Free To Play
Sky: Children of the Light,Early Access
Kingdom Come: Deliverance,n
Kingdom Come: Deliverance,i
Kingdom Come: Deliverance, 
Kingdom Come: Deliverance,:
Kingdom Come: Deliverance,/
Tap Ninja - Idle game,Action
Tap Ninja - Idle game,Adventure
Tap Ninja - Idle game,Casual
Tap Ninja - Idle game,Indie
Tap Ninja - Idle game,Massively Multiplayer
Tap Ninja - Idle game,RPG
Tap Ninja - Idle game,Simulation
Tap Ninja - Idle game,Strategy
Tap Ninja - Idle game,Free To Play
DSX,Action
DSX,Adventure
DSX,Indie
DSX,Simulation
DSX,Utilities
Cult of the Lamb,Action
Cult of the Lamb,Adventure
Cult of the Lamb,Indie
Cult of the Lamb,Strategy
Shift At Midnight,Indie
Shift At Midnight,Simulation
Horizon Walker,n
Horizon Walker,i
Horizon Walker, 
Horizon Walker,:
Horizon Walker,/
Divinity: Original Sin 2 - Definitive Edition,Adventure
Divinity: Original Sin 2 - Definitive Edition,RPG
Divinity: Original Sin 2 - Definitive Edition,Strategy
Unnamed Space Idle,Casual
Unnamed Space Idle,Simulation
Unnamed Space Idle,Free To Play
Unnamed Space Idle,Early Access
Clair Obscur: Expedition 33,n
Clair Obscur: Expedition 33,i
Clair Obscur: Expedition 33, 
Clair Obscur: Expedition 33,:
Clair Obscur: Expedition 33,/
Mount &amp; Blade: Warband,Action
Mount &amp; Blade: Warband,RPG
DEAD OR ALIVE Xtreme Venus Vacation,n
DEAD OR ALIVE Xtreme Venus Vacation,i
DEAD OR ALIVE Xtreme Venus Vacation, 
DEAD OR ALIVE Xtreme Venus Vacation,:
DEAD OR ALIVE Xtreme Venus Vacation,/
KINGDOM HEARTS -HD 1.5&#43;2.5 ReMIX-,Action
KINGDOM HEARTS -HD 1.5&#43;2.5 ReMIX-,Adventure
KINGDOM HEARTS -HD 1.5&#43;2.5 ReMIX-,RPG
Deep Rock Galactic,Action
Dying Light,n
Dying Light,i
Dying Light, 
Dying Light,:
Dying Light,/
Call to Arms - Gates of Hell: Ostfront,Action
Call to Arms - Gates of Hell: Ostfront,Simulation
Call to Arms - Gates of Hell: Ostfront,Strategy
Dying Light 2 Stay Human: Reloaded Edition,Action
Dying Light 2 Stay Human: Reloaded Edition,Adventure
Dying Light 2 Stay Human: Reloaded Edition,RPG
Gamble With Your Friends,Adventure
Gamble With Your Friends,Indie
Gamble With Your Friends,Simulation
EA SPORTS FC 25,Simulation
EA SPORTS FC 25,Sports
Hogwarts Legacy,Action
Hogwarts Legacy,Adventure
Hogwarts Legacy,RPG
Fallout 76,n
Fallout 76,i
Fallout 76, 
Fallout 76,:
Fallout 76,/
Overcooked! 2,Action
Overcooked! 2,Casual
Overcooked! 2,Indie
DELTARUNE,Indie
DELTARUNE,RPG
Tabletop Simulator,Casual
Tabletop Simulator,Indie
Tabletop Simulator,RPG
Tabletop Simulator,Simulation
Tabletop Simulator,Strategy
"Warhammer 40,000: Rogue Trader",Action
"Warhammer 40,000: Rogue Trader",Adventure
"Warhammer 40,000: Rogue Trader",Indie
"Warhammer 40,000: Rogue Trader",RPG
"Warhammer 40,000: Rogue Trader",Strategy
Transport Fever 2,Casual
Transport Fever 2,Indie
Transport Fever 2,Simulation
Transport Fever 2,Strategy
Diablo® IV,n
Diablo® IV,i
Diablo® IV, 
Diablo® IV,:
Diablo® IV,/
Plants vs. Zombies: Game of the Year,Strategy
Persona5: The Phantom X,Adventure
Persona5: The Phantom X,RPG
Persona5: The Phantom X,Free To Play
Mini Cozy Room : Lo-Fi,Casual
Mini Cozy Room : Lo-Fi,Indie
XCOM® 2,Strategy
Guild Wars 2®,Adventure
Guild Wars 2®,Massively Multiplayer
Guild Wars 2®,RPG
Guild Wars 2®,Free To Play
Escape from Duckov 逃离鸭科夫,Action
Escape from Duckov 逃离鸭科夫,Adventure
Escape from Duckov 逃离鸭科夫,Indie
Escape from Duckov 逃离鸭科夫,RPG
DARK SOULS™ III,Action
Shop Titans,Adventure
Shop Titans,Casual
Shop Titans,RPG
Shop Titans,Simulation
Shop Titans,Free To Play
Call of Duty®: Modern Warfare® II,n
Call of Duty®: Modern Warfare® II,i
Call of Duty®: Modern Warfare® II, 
Call of Duty®: Modern Warfare® II,:
Call of Duty®: Modern Warfare® II,/
Aliens vs Predator Dedicated Server,n
Aliens vs Predator Dedicated Server,i
Aliens vs Predator Dedicated Server, 
Aliens vs Predator Dedicated Server,:
Aliens vs Predator Dedicated Server,/
Goose Goose Duck,Casual
Goose Goose Duck,Indie
Goose Goose Duck,Massively Multiplayer
Goose Goose Duck,Strategy
Goose Goose Duck,Free To Play
theHunter: Call of the Wild™,Adventure
theHunter: Call of the Wild™,Simulation
theHunter: Call of the Wild™,Sports
MARVEL SNAP,n
MARVEL SNAP,i
MARVEL SNAP, 
MARVEL SNAP,:
MARVEL SNAP,/
People Playground,Action
People Playground,Casual
People Playground,Indie
People Playground,Simulation
NBA 2K25,Simulation
NBA 2K25,Sports
Lost Castle 2,Action
Lost Castle 2,Adventure
Lost Castle 2,Indie
Lost Castle 2,RPG
Killing Floor 2,n
Killing Floor 2,i
Killing Floor 2, 
Killing Floor 2,:
Killing Floor 2,/
KovaaK&#39;s,Action
KovaaK&#39;s,Indie
KovaaK&#39;s,Simulation
Broken Arrow,Strategy
BLOODSTRIKE,Action
BLOODSTRIKE,Adventure
BLOODSTRIKE,Massively Multiplayer
BLOODSTRIKE,Strategy
BLOODSTRIKE,Free To Play
EVE Online,Action
EVE Online,Massively Multiplayer
EVE Online,RPG
EVE Online,Strategy
EVE Online,Free To Play
Age of Empires III: Definitive Edition,Strategy
RACE On - Demo: Dedicated Server,n
RACE On - Demo: Dedicated Server,i
RACE On - Demo: Dedicated Server, 
RACE On - Demo: Dedicated Server,:
RACE On - Demo: Dedicated Server,/
Mewgenics,Adventure
Mewgenics,Indie
Mewgenics,RPG
Mewgenics,Simulation
Mewgenics,Strategy
Planet Zoo,Casual
Planet Zoo,Simulation
Planet Zoo,Strategy
Hades II,Action
Hades II,Indie
Hades II,RPG
Ruins of Dawn,Adventure
Ruins of Dawn,Indie
Ruins of Dawn,RPG
Enlisted,Action
Enlisted,Massively Multiplayer
Enlisted,Free To Play
Chill with You : Lo-Fi Story,Adventure
Chill with You : Lo-Fi Story,Casual
Chill with You : Lo-Fi Story,Indie
Dino D-Day - Dedicated Server,n
Dino D-Day - Dedicated Server,i
Dino D-Day - Dedicated Server, 
Dino D-Day - Dedicated Server,:
Dino D-Day - Dedicated Server,/
GrandChase,Action
GrandChase,Casual
GrandChase,Free To Play
MY HERO ULTRA RUMBLE,Action
MY HERO ULTRA RUMBLE,Casual
MY HERO ULTRA RUMBLE,Free To Play
Timberborn,Indie
Timberborn,Simulation
Timberborn,Strategy
Microsoft Flight Simulator (2020),Simulation
Waterpark Simulator,Casual
Waterpark Simulator,Indie
Waterpark Simulator,Simulation
Conqueror&#39;s Blade,Action
Conqueror&#39;s Blade,Massively Multiplayer
Conqueror&#39;s Blade,RPG
Conqueror&#39;s Blade,Strategy
Conqueror&#39;s Blade,Free To Play
Hell Let Loose: Vietnam,Action
Hell Let Loose: Vietnam,Massively Multiplayer
Hell Let Loose: Vietnam,Simulation
Hell Let Loose: Vietnam,Strategy
Dyson Sphere Program,Indie
Dyson Sphere Program,Simulation
Dyson Sphere Program,Strategy
Dyson Sphere Program,Early Access
Yargis - Space Melee - Dedicated Server,n
Yargis - Space Melee - Dedicated Server,i
Yargis - Space Melee - Dedicated Server, 
Yargis - Space Melee - Dedicated Server,:
Yargis - Space Melee - Dedicated Server,/
Total War: MEDIEVAL II – Definitive Edition,Strategy
SnowRunner,Adventure
SnowRunner,Simulation
Dune: Awakening,n
Dune: Awakening,i
Dune: Awakening, 
Dune: Awakening,:
Dune: Awakening,/
HITMAN World of Assassination,n
HITMAN World of Assassination,i
HITMAN World of Assassination, 
HITMAN World of Assassination,:
HITMAN World of Assassination,/
X4: Foundations,Action
X4: Foundations,Simulation
X4: Foundations,Strategy
Detroit: Become Human,n
Detroit: Become Human,i
Detroit: Become Human, 
Detroit: Become Human,:
Detroit: Become Human,/
ShareX,Free To Play
ShareX,Audio Production
ShareX,Design & Illustration
ShareX,Photo Editing
ShareX,Utilities
ShareX,Video Production
ShareX,Web Publishing
Elite Dangerous,Action
Elite Dangerous,Adventure
Elite Dangerous,Massively Multiplayer
Elite Dangerous,RPG
Elite Dangerous,Simulation
Elite Dangerous,Strategy
Your Chronicle,RPG
Your Chronicle,Free To Play
Banana,Adventure
Banana,Casual
Banana,Indie
Banana,Simulation
Banana,Strategy
Banana,Free To Play
NGU IDLE,Adventure
NGU IDLE,Indie
NGU IDLE,Simulation
NGU IDLE,Free To Play
Starfield,n
Starfield,i
Starfield, 
Starfield,:
Starfield,/
SMITE 2,Action
SMITE 2,Adventure
SMITE 2,Casual
SMITE 2,Massively Multiplayer
SMITE 2,RPG
SMITE 2,Strategy
SMITE 2,Free To Play
SMITE 2,Early Access
Sea of Thieves: 2025 Edition,Action
Sea of Thieves: 2025 Edition,Adventure
Teardown,Action
Teardown,Indie
Teardown,Simulation
Teardown,Strategy
The Outlast Trials,Action
The Outlast Trials,Adventure
The Outlast Trials,Indie
Core Keeper,Action
Core Keeper,Adventure
Core Keeper,Indie
Core Keeper,RPG
Core Keeper,Simulation
Wizardry Variants Daphne,RPG
Stumble Guys,Action
Stumble Guys,Casual
Stumble Guys,Indie
Stumble Guys,Massively Multiplayer
Stumble Guys,Racing
Stumble Guys,Free To Play
Hades,Action
Hades,Indie
Hades,RPG
Barotrauma,Action
Barotrauma,Indie
Barotrauma,Simulation
Barotrauma,Strategy
Space Station 14 Playtest,Action
Space Station 14 Playtest,Indie
Space Station 14 Playtest,RPG
Space Station 14 Playtest,Simulation
Space Station 14 Playtest,Free To Play
Space Station 14 Playtest,Early Access
Forza Horizon 4,Racing
ReStory: Chill Electronics Repairs,Indie
ReStory: Chill Electronics Repairs,Simulation
World War Z,Action
V Rising,Action
V Rising,Adventure
V Rising,Massively Multiplayer
OVR Advanced Settings,Utilities
gogh: Focus with Your Avatar,Casual
gogh: Focus with Your Avatar,Indie
gogh: Focus with Your Avatar,Simulation
gogh: Focus with Your Avatar,Free To Play
They Are Billions,Strategy
Astral Party,Casual
Astral Party,Indie
Astral Party,RPG
Astral Party,Strategy
DDNet,Action
DDNet,Indie
DDNet,Free To Play
Resident Evil Requiem,n
Resident Evil Requiem,i
Resident Evil Requiem, 
Resident Evil Requiem,:
Resident Evil Requiem,/
Village in the Shade,Adventure
Village in the Shade,Simulation
Workers &amp; Resources: Soviet Republic,Simulation
Workers &amp; Resources: Soviet Republic,Strategy
Bongo Waifu,n
Bongo Waifu,i
Bongo Waifu, 
Bongo Waifu,:
Bongo Waifu,/
Chained Together,Adventure
Chained Together,Casual
Chained Together,Indie
Chained Together,Simulation
Captain of Industry,Indie
Captain of Industry,Simulation
Captain of Industry,Strategy
Captain of Industry,Early Access
Windrose,Action
Windrose,Adventure
Windrose,RPG
Windrose,Early Access
Kerbal Space Program,Indie
Kerbal Space Program,Simulation
The Forest,Action
The Forest,Adventure
The Forest,Indie
The Forest,Simulation
A Dance of Fire and Ice,Indie
Borderlands 4,n
Borderlands 4,i
Borderlands 4, 
Borderlands 4,:
Borderlands 4,/
Esports Manager 2026,Indie
Esports Manager 2026,Simulation
Esports Manager 2026,Sports
Esports Manager 2026,Strategy
STAR WARS™: The Old Republic™,Massively Multiplayer
STAR WARS™: The Old Republic™,RPG
STAR WARS™: The Old Republic™,Free To Play
Supermarket Simulator,Casual
Supermarket Simulator,Indie
Supermarket Simulator,Simulation
Monday Night Combat Dedicated Server,n
Monday Night Combat Dedicated Server,i
Monday Night Combat Dedicated Server, 
Monday Night Combat Dedicated Server,:
Monday Night Combat Dedicated Server,/
ONE PIECE Bounty Rush,Action
ONE PIECE Bounty Rush,Free To Play
TCG Card Shop Simulator,Simulation
TCG Card Shop Simulator,Early Access
Dead Cells,Action
Dead Cells,Adventure
Dead Cells,Indie
GIRLS&#39; FRONTLINE 2: EXILIUM,n
GIRLS&#39; FRONTLINE 2: EXILIUM,i
GIRLS&#39; FRONTLINE 2: EXILIUM, 
GIRLS&#39; FRONTLINE 2: EXILIUM,:
GIRLS&#39; FRONTLINE 2: EXILIUM,/
Le Mans Ultimate,Racing
Le Mans Ultimate,Simulation
Le Mans Ultimate,Sports
Call of Duty: Black Ops III,n
Call of Duty: Black Ops III,i
Call of Duty: Black Ops III, 
Call of Duty: Black Ops III,:
Call of Duty: Black Ops III,/
SAO Utils 2: Progressive,Utilities
Vampire Survivors,Action
Vampire Survivors,Casual
Vampire Survivors,Indie
Vampire Survivors,RPG
Stellar Blade™,n
Stellar Blade™,i
Stellar Blade™, 
Stellar Blade™,:
Stellar Blade™,/
Soundpad Demo,Audio Production
Soundpad Demo,Utilities
Amarillo&#39;s Butt Slapper,n
Amarillo&#39;s Butt Slapper,i
Amarillo&#39;s Butt Slapper, 
Amarillo&#39;s Butt Slapper,:
Amarillo&#39;s Butt Slapper,/
Grand Theft Auto IV: The Complete Edition,Action
Grand Theft Auto IV: The Complete Edition,Adventure
Doloc Town,Adventure
Doloc Town,Casual
Doloc Town,Indie
Doloc Town,RPG
Doloc Town,Simulation
Rise of the Tomb Raider™,n
Rise of the Tomb Raider™,i
Rise of the Tomb Raider™, 
Rise of the Tomb Raider™,:
Rise of the Tomb Raider™,/
MyDockFinder,Utilities
Reverse: 1999,RPG
Reverse: 1999,Free To Play
Football Manager 2023,Simulation
Football Manager 2023,Sports
Gothic 1 Remake,Action
Gothic 1 Remake,RPG
Assassin&#39;s Creed Valhalla,n
Assassin&#39;s Creed Valhalla,i
Assassin&#39;s Creed Valhalla, 
Assassin&#39;s Creed Valhalla,:
Assassin&#39;s Creed Valhalla,/
Two Point Museum,Casual
Two Point Museum,Indie
Two Point Museum,Simulation
Two Point Museum,Strategy
Megabonk,Action
Megabonk,Casual
Megabonk,Indie
Resident Evil 2,n
Resident Evil 2,i
Resident Evil 2, 
Resident Evil 2,:
Resident Evil 2,/
eBaseball™: PRO SPIRIT,Action
eBaseball™: PRO SPIRIT,Sports
eBaseball™: PRO SPIRIT,Free To Play
Watch_Dogs 2,Action
Watch_Dogs 2,Adventure
Ghost of Tsushima DIRECTOR&#39;S CUT,n
Ghost of Tsushima DIRECTOR&#39;S CUT,i
Ghost of Tsushima DIRECTOR&#39;S CUT, 
Ghost of Tsushima DIRECTOR&#39;S CUT,:
Ghost of Tsushima DIRECTOR&#39;S CUT,/
Sultan&#39;s Game,Adventure
Sultan&#39;s Game,Indie
Sultan&#39;s Game,RPG
Sultan&#39;s Game,Simulation
Sultan&#39;s Game,Strategy
Lobotomy Corporation,Indie
Lobotomy Corporation,Simulation
Disney Dreamlight Valley,Action
Disney Dreamlight Valley,Adventure
Disney Dreamlight Valley,Casual
Disney Dreamlight Valley,RPG
Disney Dreamlight Valley,Simulation
ROMANCE OF THE THREE KINGDOMS XIV,Simulation
Wallpaper Play,Indie
Wallpaper Play,Free To Play
Wallpaper Play,Utilities
Spirit City: Lofi Sessions,Casual
Spirit City: Lofi Sessions,Indie
Spirit City: Lofi Sessions,Simulation
Totally Accurate Battle Simulator,Indie
Totally Accurate Battle Simulator,Simulation
Totally Accurate Battle Simulator,Strategy
Fallout: New Vegas,n
Fallout: New Vegas,i
Fallout: New Vegas, 
Fallout: New Vegas,:
Fallout: New Vegas,/
Kathana,Massively Multiplayer
Kathana,RPG
Kathana,Early Access
Need for Speed™ Heat,Action
Need for Speed™ Heat,Adventure
Need for Speed™ Heat,Racing
Need for Speed™ Heat,Sports
FINAL FANTASY VII REBIRTH,n
FINAL FANTASY VII REBIRTH,i
FINAL FANTASY VII REBIRTH, 
FINAL FANTASY VII REBIRTH,:
FINAL FANTASY VII REBIRTH,/
House Flipper 2,Casual
House Flipper 2,Indie
House Flipper 2,Simulation
Godot Engine,Game Development
Warhammer: Vermintide 2,Action
Warhammer: Vermintide 2,Indie
Warhammer: Vermintide 2,RPG
Hell Let Loose,Action
Hell Let Loose,Indie
Hell Let Loose,Massively Multiplayer
Hell Let Loose,Simulation
Hell Let Loose,Strategy
Halo: The Master Chief Collection,Action
Company of Heroes 2,n
Company of Heroes 2,i
Company of Heroes 2, 
Company of Heroes 2,:
Company of Heroes 2,/
Subnautica 2,Action
Subnautica 2,Adventure
Subnautica 2,Early Access
FOR HONOR™,Action
Pathfinder: Wrath of the Righteous - Enhanced Edition,Action
Pathfinder: Wrath of the Righteous - Enhanced Edition,Adventure
Pathfinder: Wrath of the Righteous - Enhanced Edition,Indie
Pathfinder: Wrath of the Righteous - Enhanced Edition,RPG
Pathfinder: Wrath of the Righteous - Enhanced Edition,Strategy
The Planet Crafter,Adventure
Counter-Strike: Source,Action
流亡黯道,n
流亡黯道,i
流亡黯道, 
流亡黯道,:
流亡黯道,/
Space Engineers,Action
Space Engineers,Indie
Space Engineers,Simulation
Space Engineers,Strategy
Anno 1800,Simulation
Anno 1800,Strategy
ULTRAKILL,Action
ULTRAKILL,Indie
ULTRAKILL,Early Access
Torchlight: Infinite,Action
Torchlight: Infinite,Adventure
Torchlight: Infinite,RPG
Torchlight: Infinite,Free To Play
Age of Empires II (2013),Strategy
The Long Dark,Adventure
The Long Dark,Indie
The Long Dark,Simulation
The Long Dark,Strategy
Buckshot Roulette,Action
Buckshot Roulette,Indie
Buckshot Roulette,Simulation
Quasimorph,Action
Quasimorph,Adventure
Quasimorph,Indie
Quasimorph,RPG
Quasimorph,Simulation
Quasimorph,Strategy
ヘブンバーンズレッド,Adventure
ヘブンバーンズレッド,RPG
ヘブンバーンズレッド,Free To Play
Total War: ATTILA,Strategy
Total War: SHOGUN 2,Strategy
Library Of Ruina,Indie
Library Of Ruina,RPG
Library Of Ruina,Strategy
Cuphead,Action
Cuphead,Indie
觅长生,Indie
觅长生,RPG
觅长生,Strategy
Subnautica,Adventure
Subnautica,Indie
Stronghold Crusader: Definitive Edition,Simulation
Stronghold Crusader: Definitive Edition,Strategy
太吾绘卷 The Scroll Of Taiwu,Adventure
太吾绘卷 The Scroll Of Taiwu,Casual
太吾绘卷 The Scroll Of Taiwu,Indie
太吾绘卷 The Scroll Of Taiwu,RPG
太吾绘卷 The Scroll Of Taiwu,Strategy
Car Mechanic Simulator 2021,Racing
Car Mechanic Simulator 2021,Simulation
DEATH STRANDING 2: ON THE BEACH,n
DEATH STRANDING 2: ON THE BEACH,i
DEATH STRANDING 2: ON THE BEACH, 
DEATH STRANDING 2: ON THE BEACH,:
DEATH STRANDING 2: ON THE BEACH,/
Strinova,Action
Strinova,Massively Multiplayer
Strinova,Free To Play
RuneScape ®,Massively Multiplayer
RuneScape ®,RPG
RuneScape ®,Free To Play
Far Cry 5,Action
Far Cry 5,Adventure
Hearth and Hamlet,Casual
Hearth and Hamlet,Simulation
Hearth and Hamlet,Strategy
Battle Brothers,RPG
Battle Brothers,Simulation
Battle Brothers,Strategy
WUCHANG: Fallen Feathers,Action
WUCHANG: Fallen Feathers,Adventure
WUCHANG: Fallen Feathers,RPG
Foxhole,Action
Foxhole,Indie
Foxhole,Massively Multiplayer
Foxhole,RPG
Foxhole,Strategy
Librarian: Tidy Up the Arcane Library!,Casual
Librarian: Tidy Up the Arcane Library!,Indie
Librarian: Tidy Up the Arcane Library!,Simulation
MOBILE SUIT GUNDAM BATTLE OPERATION 2,Action
MOBILE SUIT GUNDAM BATTLE OPERATION 2,Free To Play
Bodycam,Action
Bodycam,Indie
Bodycam,Massively Multiplayer
Bodycam,Simulation
Bodycam,Strategy
Bodycam,Early Access
HudSight - crosshair overlay,Action
HudSight - crosshair overlay,Education
HudSight - crosshair overlay,Software Training
HudSight - crosshair overlay,Utilities
HudSight - crosshair overlay,Video Production
Firestone – Idle Clicker Online RPG,Casual
Firestone – Idle Clicker Online RPG,Indie
Firestone – Idle Clicker Online RPG,RPG
Firestone – Idle Clicker Online RPG,Free To Play
Command &amp; Conquer: Red Alert™ 2 and Yuri’s Revenge™,Action
Command &amp; Conquer: Red Alert™ 2 and Yuri’s Revenge™,Strategy
绍宋,RPG
绍宋,Simulation
绍宋,Strategy
Mass Effect™ Legendary Edition,n
Mass Effect™ Legendary Edition,i
Mass Effect™ Legendary Edition, 
Mass Effect™ Legendary Edition,:
Mass Effect™ Legendary Edition,/
Minecraft Dungeons,Action
Minecraft Dungeons,Adventure
Minecraft Dungeons,RPG
Idle Champions of the Forgotten Realms,Action
Idle Champions of the Forgotten Realms,Adventure
Idle Champions of the Forgotten Realms,Indie
Idle Champions of the Forgotten Realms,Strategy
Idle Champions of the Forgotten Realms,Free To Play
Assassin&#39;s Creed Origins,Action
Assassin&#39;s Creed Origins,Adventure
Assassin&#39;s Creed Origins,RPG
Knight Online,Action
Knight Online,Adventure
Knight Online,Free To Play
Knight Online,Massively Multiplayer
Knight Online,RPG
Assetto Corsa Competizione,Racing
Assetto Corsa Competizione,Simulation
Assetto Corsa Competizione,Sports
House Flipper,Action
House Flipper,Adventure
House Flipper,Casual
House Flipper,Indie
House Flipper,Massively Multiplayer
House Flipper,Simulation
House Flipper,Strategy
Clicker Heroes,Adventure
Clicker Heroes,Casual
Clicker Heroes,Indie
Clicker Heroes,RPG
Clicker Heroes,Simulation
Clicker Heroes,Strategy
Clicker Heroes,Free To Play
RuneScape: Dragonwilds,Action
RuneScape: Dragonwilds,Adventure
RuneScape: Dragonwilds,RPG
RuneScape: Dragonwilds,Early Access
Metaphor: ReFantazio,Action
Metaphor: ReFantazio,Adventure
Metaphor: ReFantazio,RPG
Total War: EMPIRE – Definitive Edition,Strategy
Frostpunk,n
Frostpunk,i
Frostpunk, 
Frostpunk,:
Frostpunk,/
"KOTAMON: My Sis Found A Super-Rare Card In Her Cereal Box, So I Became A Garbage Man To Find The Entire Collection And Earn $1,000,000",Indie
"KOTAMON: My Sis Found A Super-Rare Card In Her Cereal Box, So I Became A Garbage Man To Find The Entire Collection And Earn $1,000,000",Simulation
龙胤立志传,Indie
龙胤立志传,RPG
龙胤立志传,Simulation
龙胤立志传,Strategy
星之翼,Action
星之翼,Adventure
星之翼,Massively Multiplayer
星之翼,RPG
星之翼,Free To Play
"Ranch Simulator: Build, Hunt, Farm",Simulation
DARK SOULS™: REMASTERED,Action
Lust Goddess,n
Lust Goddess,i
Lust Goddess, 
Lust Goddess,:
Lust Goddess,/
Feed The Cups,Casual
Feed The Cups,Indie
Feed The Cups,Simulation
Feed The Cups,Early Access
BLEACH Brave Souls,Action
BLEACH Brave Souls,Casual
BLEACH Brave Souls,RPG
BLEACH Brave Souls,Free To Play
Graveyard Keeper,Adventure
Graveyard Keeper,Indie
Graveyard Keeper,RPG
Graveyard Keeper,Simulation
Servant of the Lake,Adventure
Servant of the Lake,Indie
Planet Coaster 2,Simulation
Planet Coaster 2,Strategy
Idle Hero TD - Tower Defense,Action
Idle Hero TD - Tower Defense,Casual
Idle Hero TD - Tower Defense,Indie
Idle Hero TD - Tower Defense,RPG
Idle Hero TD - Tower Defense,Strategy
Idle Hero TD - Tower Defense,Free To Play
Idle Hero TD - Tower Defense,Early Access
NOBUNAGA&#39;S AMBITION: Awakening,Simulation
Grounded,Action
Grounded,Adventure
Dragon&#39;s Dogma 2,n
Dragon&#39;s Dogma 2,i
Dragon&#39;s Dogma 2, 
Dragon&#39;s Dogma 2,:
Dragon&#39;s Dogma 2,/
God of War Ragnarök,Action
God of War Ragnarök,Adventure
God of War Ragnarök,RPG
Zombie Army 4: Dead War,Action
Meow My Crop!,Casual
Meow My Crop!,Indie
Meow My Crop!,Simulation
Meow My Crop!,Free To Play
Morimens,RPG
Morimens,Strategy
Morimens,Free To Play
Noita,Action
Noita,Adventure
Noita,Indie
Noita,RPG
Noita,Simulation
Crime Simulator,Action
Crime Simulator,Indie
Crime Simulator,Simulation
Lethal Company,Action
Lethal Company,Adventure
Lethal Company,Indie
Lethal Company,Early Access
Assassin’s Creed Shadows,Action
Assassin’s Creed Shadows,Adventure
Assassin’s Creed Shadows,RPG
Medieval Dynasty,Action
Medieval Dynasty,Adventure
Medieval Dynasty,Indie
Medieval Dynasty,RPG
Medieval Dynasty,Simulation
Against the Storm,Simulation
Against the Storm,Strategy
Human Fall Flat,Adventure
Human Fall Flat,Casual
Human Fall Flat,Indie
Human Fall Flat,Simulation
WorldBox - God Simulator,Indie
WorldBox - God Simulator,Simulation
WorldBox - God Simulator,Early Access
MX Bikes,Racing
MX Bikes,Simulation
MX Bikes,Sports
MX Bikes,Early Access
Rain World,Action
Rain World,Adventure
Rain World,Indie
Devil May Cry 5,n
Devil May Cry 5,i
Devil May Cry 5, 
Devil May Cry 5,:
Devil May Cry 5,/
Backpack Battles,Strategy
Undertale,Indie
Undertale,RPG
Abiotic Factor,Action
Abiotic Factor,Adventure
Abiotic Factor,RPG
Abiotic Factor,Simulation
Borderlands 3,n
Borderlands 3,i
Borderlands 3, 
Borderlands 3,:
Borderlands 3,/
Anno 117: Pax Romana,Simulation
Anno 117: Pax Romana,Strategy
Batman™: Arkham Knight,n
Batman™: Arkham Knight,i
Batman™: Arkham Knight, 
Batman™: Arkham Knight,:
Batman™: Arkham Knight,/
No Rest for the Wicked,Action
No Rest for the Wicked,Adventure
No Rest for the Wicked,RPG
No Rest for the Wicked,Early Access
World of Sea Battle,Action
World of Sea Battle,Massively Multiplayer
World of Sea Battle,RPG
World of Sea Battle,Free To Play
World of Sea Battle,Early Access
Bellwright,Action
Bellwright,RPG
Bellwright,Simulation
Bellwright,Strategy
Bellwright,Early Access
FINAL FANTASY VII REMAKE INTERGRADE,Action
FINAL FANTASY VII REMAKE INTERGRADE,Adventure
FINAL FANTASY VII REMAKE INTERGRADE,RPG
StarSavior,RPG
StarSavior,Simulation
StarSavior,Strategy
StarSavior,Free To Play
Gray Zone Warfare,Action
Gray Zone Warfare,Massively Multiplayer
Gray Zone Warfare,Simulation
Gray Zone Warfare,Early Access
RISK: Global Domination,Casual
RISK: Global Domination,Strategy
RISK: Global Domination,Free To Play
Yu-Gi-Oh! Duel Links,Strategy
Yu-Gi-Oh! Duel Links,Free To Play
GeoGuessr Steam Edition,Action
GeoGuessr Steam Edition,Casual
GeoGuessr Steam Edition,Free To Play
GeoGuessr Steam Edition,Early Access
Tomb Raider Game of the Year,n
Tomb Raider Game of the Year,i
Tomb Raider Game of the Year, 
Tomb Raider Game of the Year,:
Tomb Raider Game of the Year,/
Age of Mythology: Retold,Strategy
The Last of Us™ Part II Remastered,n
The Last of Us™ Part II Remastered,i
The Last of Us™ Part II Remastered, 
The Last of Us™ Part II Remastered,:
The Last of Us™ Part II Remastered,/
Farthest Frontier,Indie
Farthest Frontier,Simulation
Farthest Frontier,Strategy
Metro Exodus,Action
Celeste,Action
Celeste,Adventure
Celeste,Indie
Lies of P,n
Lies of P,i
Lies of P, 
Lies of P,:
Lies of P,/
Atomic Heart,n
Atomic Heart,i
Atomic Heart, 
Atomic Heart,:
Atomic Heart,/
Kingdom Two Crowns,Adventure
Kingdom Two Crowns,Indie
Kingdom Two Crowns,Simulation
Kingdom Two Crowns,Strategy
大侠立志传,Adventure
大侠立志传,Indie
大侠立志传,RPG
大侠立志传,Simulation
IRON NEST: Heavy Turret Simulator,Action
IRON NEST: Heavy Turret Simulator,Indie
IRON NEST: Heavy Turret Simulator,Simulation
"Your Big, Cute Monster Farm",Casual
"Your Big, Cute Monster Farm",Indie
"Your Big, Cute Monster Farm",Simulation
"Your Big, Cute Monster Farm",Strategy
Don&#39;t Starve,Adventure
Don&#39;t Starve,Indie
Don&#39;t Starve,Simulation
The Spell Brigade,Action
The Spell Brigade,Casual
The Spell Brigade,Indie
God of War,n
God of War,i
God of War, 
God of War,:
God of War,/
inZOI,Adventure
inZOI,Casual
inZOI,Simulation
inZOI,Early Access
火炬之光：无限,n
火炬之光：无限,i
火炬之光：无限, 
火炬之光：无限,:
火炬之光：无限,/
Pass the Fear,Action
Pass the Fear,Adventure
Pass the Fear,Casual
Pass the Fear,Indie
Pass the Fear,RPG
Pass the Fear,Simulation
Pass the Fear,Strategy
BlazBlue Entropy Effect,Action
BlazBlue Entropy Effect,Adventure
BlazBlue Entropy Effect,Indie
War Robots,Action
War Robots,Free To Play
Resident Evil Village,n
Resident Evil Village,i
Resident Evil Village, 
Resident Evil Village,:
Resident Evil Village,/
Days Gone,n
Days Gone,i
Days Gone, 
Days Gone,:
Days Gone,/
Infinity Nikki,Action
Infinity Nikki,Adventure
Infinity Nikki,Casual
Infinity Nikki,RPG
Infinity Nikki,Simulation
Infinity Nikki,Free To Play
Mafia: Definitive Edition,n
Mafia: Definitive Edition,i
Mafia: Definitive Edition, 
Mafia: Definitive Edition,:
Mafia: Definitive Edition,/
Soulmask,Adventure
Soulmask,Indie
Soulmask,RPG
Soulmask,Simulation
REMATCH,Action
REMATCH,Indie
REMATCH,Sports
Dying Light: The Beast Restored Land,Action
Dying Light: The Beast Restored Land,Adventure
Dying Light: The Beast Restored Land,RPG
Stoneshard,Adventure
Stoneshard,Indie
Stoneshard,RPG
Stoneshard,Strategy
Stoneshard,Early Access
Dread Hunger,Action
Dread Hunger,Adventure
Dread Hunger,Indie
Gallipoli,Action
Gallipoli,Indie
Gallipoli,Massively Multiplayer
Gallipoli,Simulation
Gallipoli,Strategy
BALL x PIT,Action
BALL x PIT,Indie
Hero&#39;s Land,Action
Hero&#39;s Land,Adventure
Hero&#39;s Land,Massively Multiplayer
Hero&#39;s Land,RPG
Hero&#39;s Land,Free To Play
Fallout Shelter,RPG
Fallout Shelter,Simulation
Fallout Shelter,Free To Play
Half-Life 2,Action
My Summer Car,Indie
My Summer Car,Racing
My Summer Car,Simulation
Crime Scene Cleaner,Action
Crime Scene Cleaner,Simulation
Metro Exodus Enhanced Edition,Action
Into the Dead: Our Darkest Days,Action
Into the Dead: Our Darkest Days,Simulation
Into the Dead: Our Darkest Days,Strategy
Into the Dead: Our Darkest Days,Early Access
Tap Tap Loot,Casual
Tap Tap Loot,Indie
Tap Tap Loot,Massively Multiplayer
Tap Tap Loot,RPG
Chivalry 2,n
Chivalry 2,i
Chivalry 2, 
Chivalry 2,:
Chivalry 2,/
The Last of Us™ Part I,n
The Last of Us™ Part I,i
The Last of Us™ Part I, 
The Last of Us™ Part I,:
The Last of Us™ Part I,/
OCTOPATH TRAVELER II,RPG
Borderlands 2,n
Borderlands 2,i
Borderlands 2, 
Borderlands 2,:
Borderlands 2,/
skate.,Action
skate.,Sports
skate.,Free To Play
skate.,Early Access
Half Sword Demo,Action
Half Sword Demo,Adventure
Half Sword Demo,Indie
Half Sword Demo,Simulation
Half Sword Demo,Early Access
RV There Yet?,Action
RV There Yet?,Adventure
RV There Yet?,Indie
Middle-earth™: Shadow of War™,n
Middle-earth™: Shadow of War™,i
Middle-earth™: Shadow of War™, 
Middle-earth™: Shadow of War™,:
Middle-earth™: Shadow of War™,/
Evitania Online,Adventure
Evitania Online,Casual
Evitania Online,Indie
Evitania Online,Massively Multiplayer
Evitania Online,RPG
Evitania Online,Simulation
Evitania Online,Free To Play
Evitania Online,Early Access
007 First Light,n
007 First Light,i
007 First Light, 
007 First Light,:
007 First Light,/
Metro 2033 Redux,Action
Brick Rigs,Simulation
Mecha BREAK,Action
Mecha BREAK,Massively Multiplayer
Mecha BREAK,Free To Play
One-armed robber,Action
One-armed robber,Indie
One-armed robber,Simulation
One-armed robber,Strategy
One-armed robber,Free To Play
Krita,Indie
Krita,Animation & Modeling
Krita,Design & Illustration
Krita,Photo Editing
Farmer Against Potatoes Idle,Casual
Farmer Against Potatoes Idle,Free To Play
Farmer Against Potatoes Idle,Indie
Farmer Against Potatoes Idle,RPG
Farmer Against Potatoes Idle,Simulation
Persona 4 Golden,RPG
Dead Island 2,n
Dead Island 2,i
Dead Island 2, 
Dead Island 2,:
Dead Island 2,/
Marvel’s Spider-Man: Miles Morales,Action
Marvel’s Spider-Man: Miles Morales,Adventure
REMNANT II®,n
REMNANT II®,i
REMNANT II®, 
REMNANT II®,:
REMNANT II®,/
Stay Out,Action
Stay Out,Indie
Stay Out,Massively Multiplayer
Stay Out,RPG
Stay Out,Free To Play
Stay Out,Early Access
Raging Loop,Adventure
Raging Loop,Indie
Portal 2,Action
Portal 2,Adventure
PixARK,Action
PixARK,Adventure
PixARK,Casual
PixARK,Massively Multiplayer
PixARK,RPG
PixARK,Strategy
Shakes and Fidget,Adventure
Shakes and Fidget,Casual
Shakes and Fidget,Indie
Shakes and Fidget,Massively Multiplayer
Shakes and Fidget,RPG
Shakes and Fidget,Strategy
Shakes and Fidget,Free To Play
Dungeon Crusher: Soul Hunters,Adventure
Dungeon Crusher: Soul Hunters,Indie
Dungeon Crusher: Soul Hunters,Massively Multiplayer
Dungeon Crusher: Soul Hunters,RPG
Dungeon Crusher: Soul Hunters,Free To Play
RAID: Shadow Legends,Massively Multiplayer
RAID: Shadow Legends,RPG
RAID: Shadow Legends,Strategy
RAID: Shadow Legends,Free To Play
DYNASTY WARRIORS: ORIGINS,Action
DYNASTY WARRIORS: ORIGINS,RPG
DYNASTY WARRIORS: ORIGINS,Strategy
Elin,Indie
Elin,RPG
Elin,Simulation
Elin,Strategy
Elin,Early Access
Prison Architect,n
Prison Architect,i
Prison Architect, 
Prison Architect,:
Prison Architect,/
Farming Simulator 19,Simulation
Live Wallpaper,Casual
Live Wallpaper,Free To Play
Live Wallpaper,Animation & Modeling
Live Wallpaper,Design & Illustration
Live Wallpaper,Utilities
Coral Island,Adventure
Coral Island,Casual
Coral Island,Indie
Coral Island,RPG
Coral Island,Simulation
Coral Island,Strategy
Heroes of Might &amp; Magic III - HD Edition,RPG
Heroes of Might &amp; Magic III - HD Edition,Strategy
Sea Power : Naval Combat in the Missile Age,Action
Sea Power : Naval Combat in the Missile Age,Simulation
Sea Power : Naval Combat in the Missile Age,Strategy
Sea Power : Naval Combat in the Missile Age,Early Access
Far Cry® 4,Action
Far Cry® 4,Adventure
Age of Wonders 4,n
Age of Wonders 4,i
Age of Wonders 4, 
Age of Wonders 4,:
Age of Wonders 4,/
Wartales,Adventure
Wartales,Indie
Wartales,RPG
Wartales,Strategy
Sid Meier&#39;s Civilization IV: Beyond the Sword,Strategy
Mafia III: Definitive Edition,n
Mafia III: Definitive Edition,i
Mafia III: Definitive Edition, 
Mafia III: Definitive Edition,:
Mafia III: Definitive Edition,/
三国杀,Strategy
三国杀,Free To Play
How Many Dudes?,Casual
How Many Dudes?,Indie
How Many Dudes?,Strategy
Command &amp; Conquer™ Generals Zero Hour,Action
Command &amp; Conquer™ Generals Zero Hour,Adventure
Command &amp; Conquer™ Generals Zero Hour,RPG
Command &amp; Conquer™ Generals Zero Hour,Strategy
Disco Elysium - The Final Cut,RPG
Football Manager 2022,Simulation
Football Manager 2022,Sports
Trailmakers,Action
Trailmakers,Adventure
Trailmakers,Indie
Trailmakers,Racing
Trailmakers,Simulation
Asphalt Legends,Action
Asphalt Legends,Adventure
Asphalt Legends,Racing
Asphalt Legends,Sports
Asphalt Legends,Free To Play
Titanfall® 2,Action
Going Medieval,Indie
Going Medieval,RPG
Going Medieval,Simulation
Going Medieval,Strategy
Darkest Dungeon® II,Indie
Darkest Dungeon® II,RPG
Darkest Dungeon® II,Strategy
Pummel Party,Action
Pummel Party,Casual
Pummel Party,Indie
HumanitZ,Action
HumanitZ,Adventure
HumanitZ,RPG
DARK SOULS™ II: Scholar of the First Sin,n
DARK SOULS™ II: Scholar of the First Sin,i
DARK SOULS™ II: Scholar of the First Sin, 
DARK SOULS™ II: Scholar of the First Sin,:
DARK SOULS™ II: Scholar of the First Sin,/
MENACE,RPG
MENACE,Simulation
MENACE,Strategy
MENACE,Early Access
Scritchy Scratchy,Casual
Scritchy Scratchy,Indie
Scritchy Scratchy,Simulation
Mortal Kombat 11,n
Mortal Kombat 11,i
Mortal Kombat 11, 
Mortal Kombat 11,:
Mortal Kombat 11,/
Horizon Forbidden West™ Complete Edition,n
Horizon Forbidden West™ Complete Edition,i
Horizon Forbidden West™ Complete Edition, 
Horizon Forbidden West™ Complete Edition,:
Horizon Forbidden West™ Complete Edition,/
Necesse,Action
Necesse,Adventure
Necesse,Indie
Necesse,RPG
Jurassic World Evolution 3,Simulation
Jurassic World Evolution 3,Strategy
Lords of the Fallen,Action
Lords of the Fallen,Adventure
Lords of the Fallen,RPG
SAO Utils: Beta,Utilities
SAO Utils: Beta,Early Access
EA SPORTS FC™ 24,Simulation
EA SPORTS FC™ 24,Sports
METAL GEAR SOLID V: THE PHANTOM PAIN,n
METAL GEAR SOLID V: THE PHANTOM PAIN,i
METAL GEAR SOLID V: THE PHANTOM PAIN, 
METAL GEAR SOLID V: THE PHANTOM PAIN,:
METAL GEAR SOLID V: THE PHANTOM PAIN,/
Warudo,Animation & Modeling
Warudo,Utilities
Warudo,Video Production
Warudo,Early Access
DEATH STRANDING DIRECTOR&#39;S CUT,Action
DEATH STRANDING DIRECTOR&#39;S CUT,Adventure
OVR Toolkit - Desktop Overlay,Utilities
Idle Slayer,Casual
Idle Slayer,Indie
Idle Slayer,Strategy
Idle Slayer,Free To Play
Sniper Elite 5,Action
Sniper Elite 5,Adventure
Crossout,Action
Crossout,Adventure
Crossout,Massively Multiplayer
Crossout,Racing
Crossout,Free To Play
Thief Simulator,Action
Thief Simulator,Adventure
Thief Simulator,Indie
Thief Simulator,Simulation
Sudden Attack Zero Point,Action
Sudden Attack Zero Point,Free To Play
Sudden Attack Zero Point,Early Access
The First Berserker: Khazan,n
The First Berserker: Khazan,i
The First Berserker: Khazan, 
The First Berserker: Khazan,:
The First Berserker: Khazan,/
GUILTY GEAR -STRIVE-,Action
Granado Espada,Massively Multiplayer
Granado Espada,RPG
Granado Espada,Free To Play
Trackmania,Racing
The Last Caretaker,Action
The Last Caretaker,Adventure
The Last Caretaker,Indie
The Last Caretaker,Simulation
The Last Caretaker,Early Access
Stormworks: Build and Rescue,Simulation
State of Decay 2,Action
State of Decay 2,RPG
State of Decay 2,Simulation
DOOM: The Dark Ages,n
DOOM: The Dark Ages,i
DOOM: The Dark Ages, 
DOOM: The Dark Ages,:
DOOM: The Dark Ages,/
VBridger,Casual
VBridger,Animation & Modeling
VBridger,Utilities
XSOverlay,Utilities
XSOverlay,Early Access
RPG Maker MZ,RPG
RPG Maker MZ,Design & Illustration
RPG Maker MZ,Education
RPG Maker MZ,Web Publishing
RPG Maker MZ,Game Development
The Riftbreaker,Action
The Riftbreaker,Adventure
The Riftbreaker,Indie
The Riftbreaker,RPG
The Riftbreaker,Simulation
The Riftbreaker,Strategy
Farm Together 2,Casual
Farm Together 2,Indie
Farm Together 2,Simulation
Half Sword,Action
Half Sword,Adventure
Half Sword,Indie
Half Sword,Simulation
Half Sword,Early Access
FINAL FANTASY XIV Online Free Trial,n
FINAL FANTASY XIV Online Free Trial,i
FINAL FANTASY XIV Online Free Trial, 
FINAL FANTASY XIV Online Free Trial,:
FINAL FANTASY XIV Online Free Trial,/
Outer Wilds,Action
Outer Wilds,Adventure
Mindustry,Strategy
Silly Linguine Cat Simulator Deluxe Online,Adventure
Silly Linguine Cat Simulator Deluxe Online,Casual
Silly Linguine Cat Simulator Deluxe Online,Indie
Silly Linguine Cat Simulator Deluxe Online,RPG
Silly Linguine Cat Simulator Deluxe Online,Simulation
Silly Linguine Cat Simulator Deluxe Online,Free To Play
Titan Quest II,Action
Titan Quest II,RPG
Titan Quest II,Early Access
Crusader Kings II,RPG
Crusader Kings II,Simulation
Crusader Kings II,Strategy
Crusader Kings II,Free To Play
MARVEL Tōkon: Fighting Souls,Action
MARVEL Tōkon: Fighting Souls,Casual
Starsand Island,Casual
Starsand Island,Indie
Starsand Island,RPG
Starsand Island,Simulation
Like a Dragon: Infinite Wealth,n
Like a Dragon: Infinite Wealth,i
Like a Dragon: Infinite Wealth, 
Like a Dragon: Infinite Wealth,:
Like a Dragon: Infinite Wealth,/
Battlefield™ 2042,Action
Battlefield™ 2042,Adventure
Battlefield™ 2042,Casual
Typing Farmer,Casual
Typing Farmer,Indie
Typing Farmer,Simulation
"Warhammer 40,000: Dawn of War - Definitive Edition",Strategy
Upload Labs,Simulation
Upload Labs,Free To Play
Train Sim World® 6,Simulation
PowerWash Simulator 2,Casual
PowerWash Simulator 2,Indie
PowerWash Simulator 2,Simulation
Sid Meier&#39;s Civilization III: Complete,Strategy
Control Ultimate Edition,n
Control Ultimate Edition,i
Control Ultimate Edition, 
Control Ultimate Edition,:
Control Ultimate Edition,/
Marathon,Action
Far Cry 6,n
Far Cry 6,i
Far Cry 6, 
Far Cry 6,:
Far Cry 6,/
ブループロトコル：スターレゾナンス,n
ブループロトコル：スターレゾナンス,i
ブループロトコル：スターレゾナンス, 
ブループロトコル：スターレゾナンス,:
ブループロトコル：スターレゾナンス,/
Terra Invicta,Simulation
Terra Invicta,Strategy
Easy Red 2,Action
Easy Red 2,Indie
Easy Red 2,Simulation
Easy Red 2,Strategy
Shadow of the Tomb Raider: Definitive Edition,n
Shadow of the Tomb Raider: Definitive Edition,i
Shadow of the Tomb Raider: Definitive Edition, 
Shadow of the Tomb Raider: Definitive Edition,:
Shadow of the Tomb Raider: Definitive Edition,/
少女前线,n
少女前线,i
少女前线, 
少女前线,:
少女前线,/
Fish to Dish: Idle Sushi,Casual
Fish to Dish: Idle Sushi,Indie
Fish to Dish: Idle Sushi,RPG
Call of Duty®: Modern Warfare®,n
Call of Duty®: Modern Warfare®,i
Call of Duty®: Modern Warfare®, 
Call of Duty®: Modern Warfare®,:
Call of Duty®: Modern Warfare®,/
Northgard: Definitive Edition,Adventure
Northgard: Definitive Edition,Indie
Northgard: Definitive Edition,Simulation
Northgard: Definitive Edition,Strategy
The Elder Scrolls V: Skyrim,n
The Elder Scrolls V: Skyrim,i
The Elder Scrolls V: Skyrim, 
The Elder Scrolls V: Skyrim,:
The Elder Scrolls V: Skyrim,/
Nioh 2 – The Complete Edition,n
Nioh 2 – The Complete Edition,i
Nioh 2 – The Complete Edition, 
Nioh 2 – The Complete Edition,:
Nioh 2 – The Complete Edition,/
Shin Megami Tensei V: Vengeance,n
Shin Megami Tensei V: Vengeance,i
Shin Megami Tensei V: Vengeance, 
Shin Megami Tensei V: Vengeance,:
Shin Megami Tensei V: Vengeance,/
Idling to Rule the Gods,Casual
Idling to Rule the Gods,Indie
Idling to Rule the Gods,Simulation
Idling to Rule the Gods,Strategy
Idling to Rule the Gods,Free To Play
My Singing Monsters,Casual
My Singing Monsters,Simulation
My Singing Monsters,Free To Play
Oaken Tower,Strategy
Oaken Tower,Early Access
Game of Thrones Kingsroad,n
Game of Thrones Kingsroad,i
Game of Thrones Kingsroad, 
Game of Thrones Kingsroad,:
Game of Thrones Kingsroad,/
Deep Rock Galactic: Survivor,Action
活俠傳,Adventure
活俠傳,Indie
活俠傳,RPG
活俠傳,Strategy
Mafia II: Definitive Edition,Action
Mafia II: Definitive Edition,Adventure
Paralives,Simulation
Paralives,Early Access
Madoka Magica Magia Exedra,n
Madoka Magica Magia Exedra,i
Madoka Magica Magia Exedra, 
Madoka Magica Magia Exedra,:
Madoka Magica Magia Exedra,/
奶茶店模拟器 - 重生之我在冰堡甜城当店长,Casual
奶茶店模拟器 - 重生之我在冰堡甜城当店长,RPG
奶茶店模拟器 - 重生之我在冰堡甜城当店长,Simulation
Shape of Dreams,Action
Shape of Dreams,Adventure
Shape of Dreams,Indie
Shape of Dreams,RPG
Total War: ROME REMASTERED,Strategy
Total War: NAPOLEON – Definitive Edition,Strategy
Texas Hold&#39;em Poker: Pokerist,Casual
Texas Hold&#39;em Poker: Pokerist,Massively Multiplayer
Texas Hold&#39;em Poker: Pokerist,Simulation
Texas Hold&#39;em Poker: Pokerist,Sports
Texas Hold&#39;em Poker: Pokerist,Strategy
Texas Hold&#39;em Poker: Pokerist,Free To Play
Sally Face - Episode One,Adventure
Sally Face - Episode One,Indie
Resident Evil 7 Biohazard,n
Resident Evil 7 Biohazard,i
Resident Evil 7 Biohazard, 
Resident Evil 7 Biohazard,:
Resident Evil 7 Biohazard,/
Travellers Rest,Adventure
Travellers Rest,Casual
Travellers Rest,Indie
Travellers Rest,RPG
Travellers Rest,Simulation
Travellers Rest,Early Access
Mechabellum,Action
Mechabellum,Indie
Mechabellum,Massively Multiplayer
Mechabellum,Simulation
Mechabellum,Strategy
Soccer Manager 2026,Simulation
Soccer Manager 2026,Sports
Soccer Manager 2026,Free To Play
Antimatter Dimensions,Casual
Antimatter Dimensions,Free To Play
Antimatter Dimensions,Indie
Antimatter Dimensions,Strategy
STAR WARS™ Empire at War: Gold Pack,Strategy
Project P.I.T.T.,Action
Project P.I.T.T.,Casual
Project P.I.T.T.,Indie
Project P.I.T.T.,Simulation
Moonlighter,Action
Moonlighter,Adventure
Moonlighter,Indie
Overcooked! All You Can Eat,Casual
Overcooked! All You Can Eat,Indie
Overcooked! All You Can Eat,Simulation
Overcooked! All You Can Eat,Strategy
Combat Master,Action
Combat Master,Free To Play
Phoenix Wright: Ace Attorney Trilogy,Adventure
Old School RuneScape,Adventure
Old School RuneScape,Massively Multiplayer
Old School RuneScape,RPG
Old School RuneScape,Free To Play
Company of Heroes,Action
Company of Heroes,Strategy
Dokimon: Quest,Adventure
Dokimon: Quest,Casual
Dokimon: Quest,RPG
Dokimon: Quest,Strategy
天外 : 英雄 Online,Massively Multiplayer
天外 : 英雄 Online,RPG
天外 : 英雄 Online,Free To Play
Pixel Gun 3D: PC Edition,Action
Pixel Gun 3D: PC Edition,Adventure
Pixel Gun 3D: PC Edition,Massively Multiplayer
Pixel Gun 3D: PC Edition,Free To Play
ZERO Sievert,Action
ZERO Sievert,Adventure
ZERO Sievert,Indie
ARMORED CORE™ VI FIRES OF RUBICON™,n
ARMORED CORE™ VI FIRES OF RUBICON™,i
ARMORED CORE™ VI FIRES OF RUBICON™, 
ARMORED CORE™ VI FIRES OF RUBICON™,:
ARMORED CORE™ VI FIRES OF RUBICON™,/
Dead Frontier 2,Action
Dead Frontier 2,Indie
Dead Frontier 2,Massively Multiplayer
Dead Frontier 2,RPG
Dead Frontier 2,Free To Play
Fickle Card Legend,Adventure
Fickle Card Legend,Casual
Fickle Card Legend,Indie
Fickle Card Legend,RPG
Total War: WARHAMMER II,Action
Total War: WARHAMMER II,Strategy
Two Point Hospital,Indie
Two Point Hospital,Simulation
X-Plane 12,Simulation
DEAD OR ALIVE Xtreme Venus Vacation,n
DEAD OR ALIVE Xtreme Venus Vacation,i
DEAD OR ALIVE Xtreme Venus Vacation, 
DEAD OR ALIVE Xtreme Venus Vacation,:
DEAD OR ALIVE Xtreme Venus Vacation,/
Yi Xian: The Cultivation Card Game,Casual
Yi Xian: The Cultivation Card Game,Indie
Yi Xian: The Cultivation Card Game,Strategy
Yi Xian: The Cultivation Card Game,Free To Play
Warborne Above Ashes,Action
Warborne Above Ashes,Massively Multiplayer
Warborne Above Ashes,RPG
Warborne Above Ashes,Strategy
Warborne Above Ashes,Free To Play
The Crew Motorfest,Racing
Slime Rancher,Action
Slime Rancher,Adventure
Slime Rancher,Indie
Slime Rancher,Simulation
Dota Underlords,Casual
Dota Underlords,Strategy
Dota Underlords,Free To Play
Source Filmmaker,Animation & Modeling
Source Filmmaker,Video Production
Dinkum,Adventure
Dinkum,Casual
Dinkum,Indie
Dinkum,RPG
Dinkum,Simulation
Inscryption,Adventure
Inscryption,Indie
Inscryption,Strategy
灰烬之国 Cinderia,Action
灰烬之国 Cinderia,Adventure
灰烬之国 Cinderia,Indie
灰烬之国 Cinderia,RPG
灰烬之国 Cinderia,Early Access
Lords Mobile: Kingdom Wars,Massively Multiplayer
Lords Mobile: Kingdom Wars,RPG
Lords Mobile: Kingdom Wars,Strategy
Lords Mobile: Kingdom Wars,Free To Play
Romance of the Three Kingdoms XI with Power Up Kit,Strategy
The Elder Scrolls IV: Oblivion Remastered,n
The Elder Scrolls IV: Oblivion Remastered,i
The Elder Scrolls IV: Oblivion Remastered, 
The Elder Scrolls IV: Oblivion Remastered,:
The Elder Scrolls IV: Oblivion Remastered,/
Vacation Cafe Simulator,Casual
Vacation Cafe Simulator,Indie
Vacation Cafe Simulator,Simulation
WARNO,Action
WARNO,Indie
WARNO,Simulation
WARNO,Strategy
Big Ambitions,Indie
Big Ambitions,Simulation
Big Ambitions,Early Access
DOOM Eternal,n
DOOM Eternal,i
DOOM Eternal, 
DOOM Eternal,:
DOOM Eternal,/
Book Of Yog Idle RPG 依盖之书,Action
Book Of Yog Idle RPG 依盖之书,Adventure
Book Of Yog Idle RPG 依盖之书,Casual
Book Of Yog Idle RPG 依盖之书,Indie
Book Of Yog Idle RPG 依盖之书,Massively Multiplayer
Book Of Yog Idle RPG 依盖之书,RPG
Book Of Yog Idle RPG 依盖之书,Strategy
Book Of Yog Idle RPG 依盖之书,Free To Play
STAR WARS Jedi: Survivor™,n
STAR WARS Jedi: Survivor™,i
STAR WARS Jedi: Survivor™, 
STAR WARS Jedi: Survivor™,:
STAR WARS Jedi: Survivor™,/
Foundation,Indie
Foundation,Simulation
Foundation,Strategy
INAZUMA ELEVEN: Victory Road,RPG
INAZUMA ELEVEN: Victory Road,Sports
Metro: Last Light Redux,Action
BATTLETECH,Action
BATTLETECH,Adventure
BATTLETECH,Strategy
This War of Mine,Adventure
This War of Mine,Indie
This War of Mine,Simulation
Pathogenic,Action
Pathogenic,Indie
Pathogenic,RPG
Pathogenic,Simulation
DJMAX RESPECT V,Action
DJMAX RESPECT V,Casual
DJMAX RESPECT V,Sports
Need for Speed™ Unbound,Action
Need for Speed™ Unbound,Racing
HUMANKIND™,Strategy
Poppy Playtime,Action
Poppy Playtime,Adventure
Poppy Playtime,Indie
ASTRONEER,Adventure
ASTRONEER,Indie
Chinese Parents,Casual
Chinese Parents,Indie
Chinese Parents,RPG
Chinese Parents,Simulation
Empires of the Undergrowth,Simulation
Empires of the Undergrowth,Strategy
The Lord of the Rings Online™,Action
The Lord of the Rings Online™,Adventure
The Lord of the Rings Online™,Massively Multiplayer
The Lord of the Rings Online™,RPG
The Lord of the Rings Online™,Free To Play
9 Kings,RPG
9 Kings,Strategy
9 Kings,Early Access
Tainted Grail: The Fall of Avalon,Action
Tainted Grail: The Fall of Avalon,Adventure
Tainted Grail: The Fall of Avalon,Indie
Tainted Grail: The Fall of Avalon,RPG
Football Manager 2020,Simulation
Football Manager 2020,Sports
POSTAL 2,Action
POSTAL 2,Adventure
POSTAL 2,Indie
Duet Night Abyss,Action
Duet Night Abyss,RPG
Duet Night Abyss,Free To Play
Mafia: The Old Country,Action
Mafia: The Old Country,Adventure
Pax Autocratica,Action
Pax Autocratica,Indie
Pax Autocratica,Simulation
Pax Autocratica,Early Access
Sovereign Tower,Indie
Sovereign Tower,RPG
Star Trek Online,Massively Multiplayer
Star Trek Online,RPG
Star Trek Online,Free To Play
Slime Rancher 2,Action
Slime Rancher 2,Adventure
Slime Rancher 2,Casual
Slime Rancher 2,Indie
Slime Rancher 2,Simulation
Gems of War - Puzzle RPG,Action
Gems of War - Puzzle RPG,Adventure
Gems of War - Puzzle RPG,Casual
Gems of War - Puzzle RPG,RPG
Gems of War - Puzzle RPG,Strategy
Gems of War - Puzzle RPG,Free To Play
Megastore Simulator,Casual
Megastore Simulator,Indie
Megastore Simulator,Simulation
Megastore Simulator,Early Access
Football Manager 2021,Simulation
Football Manager 2021,Sports
东方夜雀食堂 - Touhou Mystia&#39;s Izakaya,Casual
东方夜雀食堂 - Touhou Mystia&#39;s Izakaya,Indie
东方夜雀食堂 - Touhou Mystia&#39;s Izakaya,RPG
东方夜雀食堂 - Touhou Mystia&#39;s Izakaya,Simulation
Project Hospital,Indie
Project Hospital,Simulation
Project Hospital,Strategy
CarX Drift Racing Online,Action
CarX Drift Racing Online,Casual
CarX Drift Racing Online,Massively Multiplayer
CarX Drift Racing Online,Racing
CarX Drift Racing Online,Simulation
CarX Drift Racing Online,Sports
Realm of the Mad God Exalt,Action
Realm of the Mad God Exalt,Adventure
Realm of the Mad God Exalt,Indie
Realm of the Mad God Exalt,Massively Multiplayer
Realm of the Mad God Exalt,RPG
Realm of the Mad God Exalt,Free To Play
OMSI 2,Casual
OMSI 2,Simulation
Plague Inc: Evolved,Casual
Plague Inc: Evolved,Indie
Plague Inc: Evolved,Simulation
Plague Inc: Evolved,Strategy
Resident Evil 6,n
Resident Evil 6,i
Resident Evil 6, 
Resident Evil 6,:
Resident Evil 6,/
Wobbly Life,Action
Wobbly Life,Adventure
Wobbly Life,Casual
Wobbly Life,Indie
Wobbly Life,Simulation
AdVenture Capitalist,Casual
AdVenture Capitalist,Indie
AdVenture Capitalist,Free To Play
EARTH DEFENSE FORCE 6,Action
Euro Truck Simulator 2 Demo,Indie
Euro Truck Simulator 2 Demo,Simulation
PlateUp!,Action
PlateUp!,Casual
PlateUp!,Indie
PlateUp!,Strategy
Cube Racer,Action
Cube Racer,Casual
Cube Racer,Indie
Cube Racer,Racing
Assetto Corsa EVO,Racing
Assetto Corsa EVO,Simulation
Assetto Corsa EVO,Sports
Assetto Corsa EVO,Early Access
Milky Way Idle,Adventure
Milky Way Idle,Casual
Milky Way Idle,Indie
Milky Way Idle,Massively Multiplayer
Milky Way Idle,RPG
Milky Way Idle,Free To Play
Milky Way Idle,Early Access
Diplomacy is Not an Option,Action
Diplomacy is Not an Option,Adventure
Diplomacy is Not an Option,Casual
Diplomacy is Not an Option,Indie
Diplomacy is Not an Option,Simulation
Diplomacy is Not an Option,Strategy
Mortal Kombat 1,Action
Deadzone: Rogue,Action
Insurgency: Sandstorm,Action
Yakuza: Like a Dragon,n
Yakuza: Like a Dragon,i
Yakuza: Like a Dragon, 
Yakuza: Like a Dragon,:
Yakuza: Like a Dragon,/
Blue Prince,Adventure
Blue Prince,Indie
Blue Prince,Strategy
Galaxy Idle Clicker,Casual
Galaxy Idle Clicker,Indie
Galaxy Idle Clicker,Simulation
Galaxy Idle Clicker,Free To Play
暖雪 Warm Snow,Action
暖雪 Warm Snow,Adventure
暖雪 Warm Snow,Indie
暖雪 Warm Snow,RPG
MLB 9 Innings Rivals 26,Sports
MLB 9 Innings Rivals 26,Free To Play
Senren＊Banka,Adventure
Senren＊Banka,Casual
Tropico 6,n
Tropico 6,i
Tropico 6, 
Tropico 6,:
Tropico 6,/
Muck,Action
Muck,Adventure
Muck,Free To Play
Muck,Indie
MU: Dark Epoch,Action
MU: Dark Epoch,Adventure
MU: Dark Epoch,Massively Multiplayer
MU: Dark Epoch,RPG
MU: Dark Epoch,Free To Play
Crab Game,Action
Crab Game,Casual
Crab Game,Free To Play
Crab Game,Indie
Crab Game,Racing
Crusaders Quest : Hero Town,Casual
Crusaders Quest : Hero Town,Indie
Crusaders Quest : Hero Town,RPG
Crusaders Quest : Hero Town,Simulation
Crusaders Quest : Hero Town,Strategy
Cash Cleaner Simulator,Casual
Cash Cleaner Simulator,Indie
Cash Cleaner Simulator,Simulation
Monster Train 2,Indie
Monster Train 2,Strategy
Toram Online,Massively Multiplayer
Toram Online,RPG
Toram Online,Free To Play
The Walking Dead: The Telltale Definitive Series,n
The Walking Dead: The Telltale Definitive Series,i
The Walking Dead: The Telltale Definitive Series, 
The Walking Dead: The Telltale Definitive Series,:
The Walking Dead: The Telltale Definitive Series,/
Content Warning,Action
Content Warning,Adventure
Content Warning,Indie
Digimon Story Time Stranger,RPG
UNCHARTED™: Legacy of Thieves Collection,Adventure
Last Epoch,Action
Last Epoch,Adventure
Last Epoch,Indie
Last Epoch,RPG
Action Taimanin,Action
Action Taimanin,Adventure
Action Taimanin,RPG
Action Taimanin,Free To Play
The Sims™ 3,Simulation
Ravenswatch,Action
Ravenswatch,Adventure
Skull and Bones,n
Skull and Bones,i
Skull and Bones, 
Skull and Bones,:
Skull and Bones,/
Avatar: Frontiers of Pandora™,Action
Avatar: Frontiers of Pandora™,Adventure
Fish Idle 2: Underwater Mystery,Adventure
Fish Idle 2: Underwater Mystery,Casual
Fish Idle 2: Underwater Mystery,Indie
Fish Idle 2: Underwater Mystery,Free To Play
F1® Manager 2024,Simulation
F1® Manager 2024,Strategy
CloverPit,Action
CloverPit,Adventure
CloverPit,Indie
CloverPit,Simulation
CloverPit,Sports
CloverPit,Strategy
STAR WARS™ Battlefront™ II,n
STAR WARS™ Battlefront™ II,i
STAR WARS™ Battlefront™ II, 
STAR WARS™ Battlefront™ II,:
STAR WARS™ Battlefront™ II,/
UBOAT,Action
UBOAT,Indie
UBOAT,RPG
UBOAT,Simulation
UBOAT,Strategy
Zuma Deluxe,Casual
Resident Evil 3,Action
OyasumiVR,Utilities
Golf With Your Friends,Casual
Golf With Your Friends,Indie
Golf With Your Friends,Sports
OCTOPATH TRAVELER™,RPG
SurrounDead,Action
SurrounDead,Adventure
SurrounDead,Indie
SurrounDead,RPG
SurrounDead,Early Access
Mahjong Soul,Casual
Mahjong Soul,Strategy
Mandate Order,Indie
Mandate Order,Simulation
Mandate Order,Strategy
Mandate Order,Early Access
天使之戀Online：國際版,Adventure
天使之戀Online：國際版,Massively Multiplayer
天使之戀Online：國際版,RPG
天使之戀Online：國際版,Free To Play
DCS World Steam Edition,Simulation
DCS World Steam Edition,Free To Play
Infection Free Zone,Action
Infection Free Zone,Indie
Infection Free Zone,Simulation
Infection Free Zone,Strategy
Infection Free Zone,Early Access
时光超市,Casual
时光超市,Simulation
时光超市,Strategy
时光超市,Free To Play
Satisfactory Modeler,Free To Play
Stacklands,Casual
Stacklands,Indie
Stacklands,Simulation
MechWarrior 5: Mercenaries,Action
MechWarrior 5: Mercenaries,Simulation
AFK Journey: Homestead,Adventure
AFK Journey: Homestead,Casual
AFK Journey: Homestead,RPG
AFK Journey: Homestead,Simulation
AFK Journey: Homestead,Free To Play
FTL: Faster Than Light,Indie
FTL: Faster Than Light,Simulation
FTL: Faster Than Light,Strategy
Idle Cave Miner,Casual
Idle Cave Miner,Indie
Idle Cave Miner,Simulation
Idle Cave Miner,Free To Play
Onmyoji,Adventure
Onmyoji,RPG
Onmyoji,Strategy
Magical Girl Witch Trials (魔法少女ノ魔女裁判),Adventure
Magical Girl Witch Trials (魔法少女ノ魔女裁判),Indie
Magical Girl Witch Trials (魔法少女ノ魔女裁判),Simulation
Gunfire Reborn,Action
Gunfire Reborn,Adventure
Gunfire Reborn,Indie
Gunfire Reborn,RPG
Sniper Elite 4,Action
Sniper Elite 4,Adventure
Backrooms: Escape Together,Action
Backrooms: Escape Together,Adventure
Backrooms: Escape Together,Casual
Backrooms: Escape Together,Indie
Backrooms: Escape Together,Early Access
SaveSync: Co-op Save Sharing Made Easy,Indie
SaveSync: Co-op Save Sharing Made Easy,Utilities
SaveSync: Co-op Save Sharing Made Easy,Early Access
Trove,Action
Trove,Adventure
Trove,Casual
Trove,Massively Multiplayer
Trove,RPG
Trove,Free To Play
KINGDOM HEARTS III &#43; Re Mind (DLC),Action
KINGDOM HEARTS III &#43; Re Mind (DLC),Adventure
KINGDOM HEARTS III &#43; Re Mind (DLC),RPG
Stray,Adventure
Stray,Indie
Plants vs. Zombies™ Garden Warfare 2: Deluxe Edition,Action
Plants vs. Zombies™ Garden Warfare 2: Deluxe Edition,Casual
Plants vs. Zombies™ Garden Warfare 2: Deluxe Edition,Strategy
Predecessor,Action
Predecessor,Indie
Predecessor,Massively Multiplayer
Predecessor,RPG
Predecessor,Strategy
Predecessor,Free To Play
PAYDAY 3,n
PAYDAY 3,i
PAYDAY 3, 
PAYDAY 3,:
PAYDAY 3,/
Catan Universe,Casual
Catan Universe,Strategy
DREDGE,Adventure
DREDGE,RPG
Burgie&#39;s cozy kitchen,Casual
Burgie&#39;s cozy kitchen,Simulation
Burgie&#39;s cozy kitchen,Early Access
The Perfect Tower II,Action
The Perfect Tower II,Indie
The Perfect Tower II,Strategy
The Perfect Tower II,Free To Play
Legend of Heroes: Three Kingdoms,Indie
Legend of Heroes: Three Kingdoms,RPG
Legend of Heroes: Three Kingdoms,Simulation
Legend of Heroes: Three Kingdoms,Strategy
Legend of Heroes: Three Kingdoms,Early Access
Enter the Gungeon,Action
Enter the Gungeon,Adventure
Enter the Gungeon,Indie
City Car Driving,Indie
City Car Driving,Racing
City Car Driving,Simulation
FragPunk,Action
FragPunk,Free To Play
Doki Doki Literature Club,Casual
Doki Doki Literature Club,Free To Play
Doki Doki Literature Club,Indie
FINAL FANTASY XVI,n
FINAL FANTASY XVI,i
FINAL FANTASY XVI, 
FINAL FANTASY XVI,:
FINAL FANTASY XVI,/
Bills Must Be Paid,Action
Bills Must Be Paid,Casual
Bills Must Be Paid,Indie
Bills Must Be Paid,Simulation
Bills Must Be Paid,Strategy
My Auto Clicker,Free To Play
My Auto Clicker,Utilities
Construction Simulator,Casual
Construction Simulator,Simulation
Whisper of the House,Adventure
Whisper of the House,Casual
Whisper of the House,Indie
Whisper of the House,Simulation
Ori and the Will of the Wisps,Action
StarRupture,Action
StarRupture,Adventure
StarRupture,Indie
StarRupture,Simulation
StarRupture,Early Access
Blasphemous 2,Action
Blasphemous 2,Adventure
Blasphemous 2,Indie
Sword of Convallaria,RPG
Sword of Convallaria,Strategy
Sword of Convallaria,Free To Play
Men of War: Assault Squad 2,Action
Men of War: Assault Squad 2,Simulation
Men of War: Assault Squad 2,Strategy
Simple Sight - Crosshair Overlay,Action
Simple Sight - Crosshair Overlay,Indie
Simple Sight - Crosshair Overlay,Free To Play
Simple Sight - Crosshair Overlay,Utilities
Kingdom Rush 5: Alliance TD,Indie
Kingdom Rush 5: Alliance TD,Strategy
Phantasy Star Online 2 New Genesis,n
Phantasy Star Online 2 New Genesis,i
Phantasy Star Online 2 New Genesis, 
Phantasy Star Online 2 New Genesis,:
Phantasy Star Online 2 New Genesis,/
Stream Avatars,Animation & Modeling
Stream Avatars,Audio Production
Stream Avatars,Design & Illustration
Stream Avatars,Utilities
Stream Avatars,Video Production
Stream Avatars,Web Publishing
Uncrashed : FPV Drone Simulator,Action
Uncrashed : FPV Drone Simulator,Indie
Uncrashed : FPV Drone Simulator,Racing
Uncrashed : FPV Drone Simulator,Simulation
Uncrashed : FPV Drone Simulator,Sports
Contraband Police,Action
Contraband Police,Adventure
Contraband Police,Simulation
Liftoff,Indie
Liftoff,Racing
Liftoff,Simulation
Liftoff,Sports
Back 4 Blood,n
Back 4 Blood,i
Back 4 Blood, 
Back 4 Blood,:
Back 4 Blood,/
NBA 2K24,Simulation
NBA 2K24,Sports
STEINS;GATE RE:BOOT,Adventure
STEINS;GATE RE:BOOT,Casual
Moonlight Peaks,Casual
Moonlight Peaks,Indie
Moonlight Peaks,RPG
Moonlight Peaks,Simulation
"Warhammer 40,000: Gladius - Relics of War",Strategy
PRAGMATA,Action
PRAGMATA,Adventure
Dead Space,Action
Dead Space,Adventure
Stranded: Alien Dawn,Simulation
Stranded: Alien Dawn,Strategy
Jurassic World Evolution 2,Simulation
Jurassic World Evolution 2,Strategy
Out of the Park Baseball 27,Indie
Out of the Park Baseball 27,Simulation
Out of the Park Baseball 27,Sports
Out of the Park Baseball 27,Strategy
Batman: Arkham City GOTY,Action
Batman: Arkham City GOTY,Adventure
Marvel&#39;s Midnight Suns,n
Marvel&#39;s Midnight Suns,i
Marvel&#39;s Midnight Suns, 
Marvel&#39;s Midnight Suns,:
Marvel&#39;s Midnight Suns,/
Titan Quest Anniversary Edition,Action
Titan Quest Anniversary Edition,RPG
GWENT: The Witcher Card Game,RPG
GWENT: The Witcher Card Game,Strategy
GWENT: The Witcher Card Game,Free To Play
Eco,Adventure
Eco,Indie
Eco,Simulation
Eco,Early Access
DRAGON BALL GEKISHIN SQUADRA,Action
DRAGON BALL GEKISHIN SQUADRA,Free To Play
shapez 2,Casual
shapez 2,Indie
shapez 2,Simulation
shapez 2,Strategy
Ark Re:Code,n
Ark Re:Code,i
Ark Re:Code, 
Ark Re:Code,:
Ark Re:Code,/
Just Cause™ 3,n
Just Cause™ 3,i
Just Cause™ 3, 
Just Cause™ 3,:
Just Cause™ 3,/
Low-Budget Repairs,Indie
Low-Budget Repairs,Simulation
MISERY,Action
MISERY,Adventure
MISERY,Indie
MISERY,Massively Multiplayer
MISERY,Simulation
Passion Industry,n
Passion Industry,i
Passion Industry, 
Passion Industry,:
Passion Industry,/
Will To Live Online,Indie
Will To Live Online,Massively Multiplayer
Will To Live Online,RPG
Will To Live Online,Free To Play
Will To Live Online,Early Access
Ravenfield,Action
Ravenfield,Indie
Ravenfield,Early Access
Myth of Empires,n
Myth of Empires,i
Myth of Empires, 
Myth of Empires,:
Myth of Empires,/
FINAL FANTASY X/X-2 HD Remaster,n
FINAL FANTASY X/X-2 HD Remaster,i
FINAL FANTASY X/X-2 HD Remaster, 
FINAL FANTASY X/X-2 HD Remaster,:
FINAL FANTASY X/X-2 HD Remaster,/
Breathedge,Action
Breathedge,Adventure
Breathedge,Indie
Breathedge,Simulation
PowerWash Simulator,Casual
PowerWash Simulator,Indie
PowerWash Simulator,Simulation
Car Mechanic Simulator 2018,Racing
Car Mechanic Simulator 2018,Simulation
Idle Clans,Casual
Idle Clans,Indie
Idle Clans,Massively Multiplayer
Idle Clans,RPG
Idle Clans,Free To Play
Idle Clans,Early Access
RPG Maker MV,RPG
RPG Maker MV,Design & Illustration
RPG Maker MV,Education
RPG Maker MV,Web Publishing
RPG Maker MV,Game Development
Age of Empires Mobile: PC Edition,Casual
Age of Empires Mobile: PC Edition,Simulation
Age of Empires Mobile: PC Edition,Strategy
Age of Empires Mobile: PC Edition,Free To Play
Crush Crush,Casual
Crush Crush,Indie
Crush Crush,Free To Play
My Time at Sandrock,Adventure
My Time at Sandrock,Casual
My Time at Sandrock,Indie
My Time at Sandrock,RPG
My Time at Sandrock,Simulation
Idle Wizard,Indie
Idle Wizard,Free To Play
EA SPORTS™ FIFA 23,Simulation
EA SPORTS™ FIFA 23,Sports
Sleeping Dogs: Definitive Edition,n
Sleeping Dogs: Definitive Edition,i
Sleeping Dogs: Definitive Edition, 
Sleeping Dogs: Definitive Edition,:
Sleeping Dogs: Definitive Edition,/
VEIN,Action
VEIN,RPG
VEIN,Simulation
VEIN,Early Access
Space Engineers 2,Action
Space Engineers 2,Indie
Space Engineers 2,Simulation
Space Engineers 2,Strategy
Space Engineers 2,Early Access
Legion TD 2,Casual
Legion TD 2,Indie
Legion TD 2,Strategy
Cossacks 3,Action
Cossacks 3,Adventure
Cossacks 3,Strategy
Ore Factory Squad ⛏,Indie
Ore Factory Squad ⛏,Simulation
Hello Kitty Island Adventure,Action
Hello Kitty Island Adventure,Adventure
Hello Kitty Island Adventure,Casual
Hello Kitty Island Adventure,Indie
Hello Kitty Island Adventure,RPG
Hello Kitty Island Adventure,Simulation
WWE 2K26,Simulation
WWE 2K26,Sports
Train Simulator Classic,Simulation
Divinity: Original Sin - Enhanced Edition,Adventure
Divinity: Original Sin - Enhanced Edition,Indie
Divinity: Original Sin - Enhanced Edition,RPG
Divinity: Original Sin - Enhanced Edition,Strategy
Destiny of Immortal,Adventure
Destiny of Immortal,Indie
Destiny of Immortal,RPG
Destiny of Immortal,Simulation
Destiny of Immortal,Strategy
Destiny of Immortal,Early Access
Watch_Dogs,Action
Watch_Dogs,Adventure
LoveCraft,n
LoveCraft,i
LoveCraft, 
LoveCraft,:
LoveCraft,/
Sunkenland,Action
Sunkenland,Indie
Sunkenland,Early Access
Marvel Contest of Champions,Action
Marvel Contest of Champions,RPG
Marvel Contest of Champions,Free To Play
Dispatch,Action
Dispatch,Adventure
Dispatch,Casual
Dispatch,Indie
Dispatch,Strategy
Age of Empires: Definitive Edition,Strategy
Doomsday: Last Survivors,Massively Multiplayer
Doomsday: Last Survivors,RPG
Doomsday: Last Survivors,Strategy
FIFA 22,Simulation
FIFA 22,Sports
Auto Clicker,Utilities
Mad Max,n
Mad Max,i
Mad Max, 
Mad Max,:
Mad Max,/
SUPER ROBOT WARS Y,RPG
SUPER ROBOT WARS Y,Simulation
SUPER ROBOT WARS Y,Strategy
Grand Theft Auto: San Andreas - The Definitive Edition,n
Grand Theft Auto: San Andreas - The Definitive Edition,i
Grand Theft Auto: San Andreas - The Definitive Edition, 
Grand Theft Auto: San Andreas - The Definitive Edition,:
Grand Theft Auto: San Andreas - The Definitive Edition,/
Strikers Club,Action
Strikers Club,Indie
Strikers Club,Simulation
Strikers Club,Sports
Strikers Club,Free To Play
Strikers Club,Early Access
Rome: Total War,Strategy
Synergism,Casual
Synergism,Indie
Synergism,Strategy
Synergism,Free To Play
War Selection,Indie
War Selection,Massively Multiplayer
War Selection,Strategy
War Selection,Free To Play
War Selection,Early Access
Incremental Epic Hero 2,Adventure
Incremental Epic Hero 2,Casual
Incremental Epic Hero 2,Indie
Incremental Epic Hero 2,RPG
Incremental Epic Hero 2,Simulation
Incremental Epic Hero 2,Strategy
Incremental Epic Hero 2,Free To Play
Viking Rise,Massively Multiplayer
Viking Rise,RPG
Viking Rise,Strategy
Viking Rise,Free To Play
Winning Post 10 2026,n
Winning Post 10 2026,i
Winning Post 10 2026, 
Winning Post 10 2026,:
Winning Post 10 2026,/
Judgment,n
Judgment,i
Judgment, 
Judgment,:
Judgment,/
Beasts of Bermuda,Adventure
Beasts of Bermuda,Indie
Beasts of Bermuda,Massively Multiplayer
Beasts of Bermuda,Simulation
Beasts of Bermuda,Early Access
Thief Simulator 2,Action
Thief Simulator 2,Indie
Thief Simulator 2,Simulation
Total War: PHARAOH DYNASTIES,n
Total War: PHARAOH DYNASTIES,i
Total War: PHARAOH DYNASTIES, 
Total War: PHARAOH DYNASTIES,:
Total War: PHARAOH DYNASTIES,/
PGA TOUR 2K25,RPG
PGA TOUR 2K25,Simulation
PGA TOUR 2K25,Sports
Two Point Campus,Casual
Two Point Campus,Indie
Two Point Campus,Simulation
Two Point Campus,Strategy
Clone Drone in the Danger Zone,Action
Clone Drone in the Danger Zone,Indie
Empyrion - Galactic Survival,Adventure
Empyrion - Galactic Survival,Indie
Empyrion - Galactic Survival,Simulation
Empyrion - Galactic Survival,Strategy
Bitburner,Free To Play
Dragonheir: Silent Gods,Adventure
Dragonheir: Silent Gods,Massively Multiplayer
Dragonheir: Silent Gods,RPG
Dragonheir: Silent Gods,Strategy
Dragonheir: Silent Gods,Free To Play
No More Room in Hell,Action
No More Room in Hell,Indie
No More Room in Hell,Free To Play
Command &amp; Conquer™ Remastered Collection,n
Command &amp; Conquer™ Remastered Collection,i
Command &amp; Conquer™ Remastered Collection, 
Command &amp; Conquer™ Remastered Collection,:
Command &amp; Conquer™ Remastered Collection,/
eFootball PES 2021 SEASON UPDATE,Sports
Songs of Syx,Casual
Songs of Syx,Indie
Songs of Syx,Simulation
Songs of Syx,Strategy
Songs of Syx,Early Access
Pathfinder: Kingmaker,Adventure
Pathfinder: Kingmaker,RPG
NieR:Automata™,n
NieR:Automata™,i
NieR:Automata™, 
NieR:Automata™,:
NieR:Automata™,/
ROMANCE OF THE THREE KINGDOMS 8 REMAKE,Simulation
ROMANCE OF THE THREE KINGDOMS 8 REMAKE,Strategy
Half-Life,Action
Borderless Gaming,Action
Borderless Gaming,Utilities
OPERATOR,Action
OPERATOR,Indie
OPERATOR,RPG
OPERATOR,Simulation
OPERATOR,Strategy
OPERATOR,Early Access
Caliber,Action
Caliber,Massively Multiplayer
Caliber,Free To Play
Assassin&#39;s Creed® Unity,Action
Assassin&#39;s Creed® Unity,Adventure
Supreme Commander: Forged Alliance,Strategy
Nine Sols,Action
Nine Sols,Adventure
Nine Sols,Indie
Tom Clancy’s The Division® 2,n
Tom Clancy’s The Division® 2,i
Tom Clancy’s The Division® 2, 
Tom Clancy’s The Division® 2,:
Tom Clancy’s The Division® 2,/
RoadCraft,Adventure
RoadCraft,Simulation
March of Empires,Massively Multiplayer
March of Empires,RPG
March of Empires,Strategy
March of Empires,Free To Play
DRAGON QUEST® XI S: Echoes of an Elusive Age™ - Definitive Edition,Adventure
DRAGON QUEST® XI S: Echoes of an Elusive Age™ - Definitive Edition,RPG
Uncharted Waters Origin,Adventure
Uncharted Waters Origin,Massively Multiplayer
Uncharted Waters Origin,RPG
Uncharted Waters Origin,Simulation
Uncharted Waters Origin,Strategy
Uncharted Waters Origin,Free To Play
Transformice,Free To Play
Transformice,Indie
Transformice,Massively Multiplayer
VHOLUME,Casual
VHOLUME,Indie
The Sims™ 2 Legacy Collection,Simulation
Mr.Mine,Adventure
Mr.Mine,Casual
Mr.Mine,Indie
Mr.Mine,RPG
Mr.Mine,Simulation
Mr.Mine,Strategy
Mr.Mine,Free To Play
Neverwinter,Action
Neverwinter,Adventure
Neverwinter,Massively Multiplayer
Neverwinter,RPG
Neverwinter,Free To Play
Thronefall,Action
Thronefall,Indie
Thronefall,Strategy
桌面精灵,Casual
桌面精灵,Free To Play
桌面精灵,Utilities
Leaf Blower Revolution - Idle Game,Casual
Leaf Blower Revolution - Idle Game,Indie
Leaf Blower Revolution - Idle Game,Free To Play
Resident Evil 5,n
Resident Evil 5,i
Resident Evil 5, 
Resident Evil 5,:
Resident Evil 5,/
The Quinfall,Massively Multiplayer
DRAGON BALL: Sparking! ZERO,Action
Far Far West,Action
Far Far West,Adventure
Far Far West,Indie
Far Far West,Early Access
Starbound,Action
Starbound,Adventure
Starbound,Casual
Starbound,Indie
Starbound,RPG
DRAGON BALL XENOVERSE 2,Action
DRAGON BALL XENOVERSE 2,Adventure
DRAGON BALL XENOVERSE 2,Casual
DRAGON BALL XENOVERSE 2,Massively Multiplayer
Pro Cycling Manager 26,Simulation
Pro Cycling Manager 26,Sports
Stronghold Crusader HD,Simulation
Stronghold Crusader HD,Strategy
The Witcher: Enhanced Edition,n
The Witcher: Enhanced Edition,i
The Witcher: Enhanced Edition, 
The Witcher: Enhanced Edition,:
The Witcher: Enhanced Edition,/
Climber Animals: Together,Adventure
Climber Animals: Together,Casual
Climber Animals: Together,Indie
Climber Animals: Together,Simulation
Plants vs. Zombies™: Replanted,Strategy
Gothic II: Gold Classic,Action
Gothic II: Gold Classic,RPG
Danganronpa 2: Goodbye Despair,Adventure
DiRT Rally 2.0,Racing
DiRT Rally 2.0,Simulation
DiRT Rally 2.0,Sports
Real Pool 3D - Poolians,Action
Real Pool 3D - Poolians,Casual
Real Pool 3D - Poolians,Indie
Real Pool 3D - Poolians,Massively Multiplayer
Real Pool 3D - Poolians,Simulation
Real Pool 3D - Poolians,Sports
Real Pool 3D - Poolians,Strategy
Real Pool 3D - Poolians,Free To Play
Yakuza 0 Director&#39;s Cut,n
Yakuza 0 Director&#39;s Cut,i
Yakuza 0 Director&#39;s Cut, 
Yakuza 0 Director&#39;s Cut,:
Yakuza 0 Director&#39;s Cut,/
Everlusting Life,n
Everlusting Life,i
Everlusting Life, 
Everlusting Life,:
Everlusting Life,/
XCOM: Enemy Unknown,n
XCOM: Enemy Unknown,i
XCOM: Enemy Unknown, 
XCOM: Enemy Unknown,:
XCOM: Enemy Unknown,/
Age of History 3,Simulation
Age of History 3,Strategy
历史模拟器：崇祯,n
历史模拟器：崇祯,i
历史模拟器：崇祯, 
历史模拟器：崇祯,:
历史模拟器：崇祯,/
Pax Dei,Action
Pax Dei,Adventure
Pax Dei,Massively Multiplayer
Pax Dei,RPG
Pax Dei,Simulation
GunZ: The Duel,Action
GunZ: The Duel,Casual
GunZ: The Duel,Free To Play
DOOM,n
DOOM,i
DOOM, 
DOOM,:
DOOM,/
Halo Infinite,Action
Halo Infinite,Free To Play
UBERMOSH,Action
UBERMOSH,Indie
Everything is Crab: The Animal Evolution Roguelite,Action
Everything is Crab: The Animal Evolution Roguelite,Indie
Everything is Crab: The Animal Evolution Roguelite,Simulation
Everything is Crab: The Animal Evolution Roguelite,Strategy
Wayfinder,Action
Wayfinder,Adventure
Wayfinder,RPG
Dream Eaters.exe Demo,Action
Dream Eaters.exe Demo,Adventure
Dream Eaters.exe Demo,Casual
Dream Eaters.exe Demo,Indie
Dream Eaters.exe Demo,Strategy
Wild Terra 2: New Lands,Action
Wild Terra 2: New Lands,Indie
Wild Terra 2: New Lands,Massively Multiplayer
Wild Terra 2: New Lands,RPG
Dwarf Fortress,Indie
Dwarf Fortress,Simulation
Dwarf Fortress,Strategy
Super Animal Royale,Action
Super Animal Royale,Adventure
Super Animal Royale,Casual
Super Animal Royale,Indie
Super Animal Royale,Massively Multiplayer
Super Animal Royale,Free To Play
Paladins,Action
Paladins,Adventure
Paladins,Massively Multiplayer
Paladins,Strategy
Paladins,Free To Play
ASTLIBRA Revision,Action
ASTLIBRA Revision,Adventure
ASTLIBRA Revision,RPG
Atelier Resleriana,n
Atelier Resleriana,i
Atelier Resleriana, 
Atelier Resleriana,:
Atelier Resleriana,/
The Roottrees are Dead,Adventure
Ages of Conflict: World War Simulator,Casual
Ages of Conflict: World War Simulator,Indie
Ages of Conflict: World War Simulator,Simulation
Ages of Conflict: World War Simulator,Early Access
Motor Town: Behind The Wheel,Adventure
Motor Town: Behind The Wheel,Casual
Motor Town: Behind The Wheel,Indie
Motor Town: Behind The Wheel,Racing
Motor Town: Behind The Wheel,Simulation
Motor Town: Behind The Wheel,Early Access
Tiny Pasture,Casual
Tiny Pasture,Indie
Tiny Pasture,Simulation
Automobilista 2,Action
Automobilista 2,Indie
Automobilista 2,Racing
Automobilista 2,Simulation
Automobilista 2,Sports
Governor of Poker 3,Casual
Governor of Poker 3,Massively Multiplayer
Governor of Poker 3,Simulation
Governor of Poker 3,Free To Play
Car Dealer Simulator,Casual
Car Dealer Simulator,Indie
Car Dealer Simulator,Simulation
Feed the Scorchpot,Indie
Feed the Scorchpot,Strategy
FEED THE AI,Casual
FEED THE AI,Simulation
FEED THE AI,Strategy
灵境奇谈,Action
灵境奇谈,Adventure
灵境奇谈,Massively Multiplayer
灵境奇谈,RPG
灵境奇谈,Strategy
灵境奇谈,Free To Play
Battlefield 4™,n
Battlefield 4™,i
Battlefield 4™, 
Battlefield 4™,:
Battlefield 4™,/
Trimps,Casual
Trimps,Free To Play
Trimps,Indie
Trimps,Strategy
Ropuka&#39;s Idle Island,Casual
Ropuka&#39;s Idle Island,Indie
Ropuka&#39;s Idle Island,Simulation
三国群英传2,Action
三国群英传2,RPG
三国群英传2,Simulation
三国群英传2,Strategy
Super Bunny Man,Action
Super Bunny Man,Indie
3DMark,n
3DMark,i
3DMark, 
3DMark,:
3DMark,/
Far Cry® 3,Action
Far Cry® 3,Adventure
RaceRoom Racing Experience,Racing
RaceRoom Racing Experience,Simulation
RaceRoom Racing Experience,Sports
RaceRoom Racing Experience,Free To Play
SpaceCraft,Adventure
SpaceCraft,Indie
SpaceCraft,Massively Multiplayer
SpaceCraft,Simulation
SpaceCraft,Early Access
Skul: The Hero Slayer,Action
Skul: The Hero Slayer,Indie
ACE COMBAT™7: SKIES UNKNOWN,Action
ACE COMBAT™7: SKIES UNKNOWN,Simulation
VRCFaceTracking,Free To Play
VRCFaceTracking,Utilities
Idle Iktah,Casual
Idle Iktah,Indie
Idle Iktah,RPG
Idle Iktah,Simulation
Idle Iktah,Free To Play
Idle Iktah,Early Access
Command &amp; Conquer™ Red Alert™ 3,Action
Command &amp; Conquer™ Red Alert™ 3,Strategy
Dragon Cliff 龙崖,Adventure
Dragon Cliff 龙崖,Casual
Dragon Cliff 龙崖,Indie
Dragon Cliff 龙崖,RPG
Dragon Cliff 龙崖,Simulation
Dragon Cliff 龙崖,Strategy
Your Only Move Is HUSTLE,Action
Your Only Move Is HUSTLE,Indie
Your Only Move Is HUSTLE,Simulation
Your Only Move Is HUSTLE,Strategy
STAR WARS Jedi: Fallen Order™,Action
STAR WARS Jedi: Fallen Order™,Adventure
麻雀一番街,n
麻雀一番街,i
麻雀一番街, 
麻雀一番街,:
麻雀一番街,/
Ficket: 追剧引擎,Indie
Ficket: 追剧引擎,Utilities
Ficket: 追剧引擎,Early Access
Panzer Corps 2,Strategy
Driver Booster for Steam,Utilities
